MSSubClass-20,MSZoning-RL,LotFrontage-75,LotShape-Reg,LotConfig-Inside,Neighborhood-Somerst,Condition1-Norm,BldgType-1Fam,HouseStyle-1Story,OverallQual-8,OverallCond-5,YearBuilt-2004,YearRemodAdd-2005,RoofStyle-Gable,Exterior1st-VinylSd,Exterior2nd-VinylSd,MasVnrType-Stone,MasVnrArea-186,ExterQual-Gd,ExterCond-TA,Foundation-PConc,BsmtQual-Ex,BsmtCond-TA,BsmtExposure-Av,BsmtFinType1-GLQ,BsmtFinSF1-1369,BsmtFinType2-Unf,BsmtFinSF2-0,BsmtUnfSF-317,TotalBsmtSF-1686,HeatingQC-Ex,CentralAir-Y,Electrical-SBrkr,GrLivArea-1694,BsmtFullBath-1,BsmtHalfBath-0,FullBath-2,HalfBath-0,BedroomAbvGr-3,KitchenQual-Gd,TotRmsAbvGrd-7,Functional-Typ,Fireplaces-1,FireplaceQu-Gd,GarageType-Attchd,GarageYrBlt-2004,GarageFinish-RFn,GarageCars-2,GarageArea-636,GarageQual-TA,WoodDeckSF-255,OpenPorchSF-57,EnclosedPorch-0,Fence-NA,MiscFeature-NA,MiscVal-0,MoSold-8,YrSold-2007,SaleType-WD,SaleCondition-Normal,SalePrice-307000,gt_300000
MSSubClass-60,MSZoning-RL,LotFrontage-85,LotShape-IR1,LotConfig-Inside,Neighborhood-NridgHt,Condition1-Norm,BldgType-1Fam,HouseStyle-2Story,OverallQual-9,OverallCond-5,YearBuilt-2005,YearRemodAdd-2006,RoofStyle-Hip,Exterior1st-WdShing,Exterior2nd-Wd Shng,MasVnrType-Stone,MasVnrArea-286,ExterQual-Ex,ExterCond-TA,Foundation-PConc,BsmtQual-Ex,BsmtCond-TA,BsmtExposure-No,BsmtFinType1-GLQ,BsmtFinSF1-998,BsmtFinType2-Unf,BsmtFinSF2-0,BsmtUnfSF-177,TotalBsmtSF-1175,HeatingQC-Ex,CentralAir-Y,Electrical-SBrkr,GrLivArea-2324,BsmtFullBath-1,BsmtHalfBath-0,FullBath-3,HalfBath-0,BedroomAbvGr-4,KitchenQual-Ex,TotRmsAbvGrd-11,Functional-Typ,Fireplaces-2,FireplaceQu-Gd,GarageType-BuiltIn,GarageYrBlt-2005,GarageFinish-Fin,GarageCars-3,GarageArea-736,GarageQual-TA,WoodDeckSF-147,OpenPorchSF-21,EnclosedPorch-0,Fence-NA,MiscFeature-NA,MiscVal-0,MoSold-7,YrSold-2006,SaleType-New,SaleCondition-Partial,SalePrice-345000,gt_300000
MSSubClass-60,MSZoning-RL,LotFrontage-101,LotShape-IR1,LotConfig-Corner,Neighborhood-NridgHt,Condition1-Norm,BldgType-1Fam,HouseStyle-2Story,OverallQual-8,OverallCond-5,YearBuilt-2005,YearRemodAdd-2006,RoofStyle-Gable,Exterior1st-VinylSd,Exterior2nd-VinylSd,MasVnrType-BrkFace,MasVnrArea-380,ExterQual-Gd,ExterCond-TA,Foundation-PConc,BsmtQual-Ex,BsmtCond-TA,BsmtExposure-Av,BsmtFinType1-Unf,BsmtFinSF1-0,BsmtFinType2-Unf,BsmtFinSF2-0,BsmtUnfSF-1158,TotalBsmtSF-1158,HeatingQC-Ex,CentralAir-Y,Electrical-SBrkr,GrLivArea-2376,BsmtFullBath-0,BsmtHalfBath-0,FullBath-3,HalfBath-1,BedroomAbvGr-4,KitchenQual-Gd,TotRmsAbvGrd-9,Functional-Typ,Fireplaces-1,FireplaceQu-Gd,GarageType-BuiltIn,GarageYrBlt-2005,GarageFinish-RFn,GarageCars-3,GarageArea-853,GarageQual-TA,WoodDeckSF-240,OpenPorchSF-154,EnclosedPorch-0,Fence-NA,MiscFeature-NA,MiscVal-0,MoSold-11,YrSold-2006,SaleType-New,SaleCondition-Partial,SalePrice-325300,gt_300000
MSSubClass-20,MSZoning-RL,LotFrontage-98,LotShape-Reg,LotConfig-Inside,Neighborhood-NridgHt,Condition1-Norm,BldgType-1Fam,HouseStyle-1Story,OverallQual-8,OverallCond-5,YearBuilt-2007,YearRemodAdd-2008,RoofStyle-Gable,Exterior1st-VinylSd,Exterior2nd-VinylSd,MasVnrType-Stone,MasVnrArea-200,ExterQual-Gd,ExterCond-TA,Foundation-PConc,BsmtQual-Ex,BsmtCond-TA,BsmtExposure-No,BsmtFinType1-GLQ,BsmtFinSF1-1218,BsmtFinType2-Unf,BsmtFinSF2-0,BsmtUnfSF-486,TotalBsmtSF-1704,HeatingQC-Ex,CentralAir-Y,Electrical-SBrkr,GrLivArea-1704,BsmtFullBath-1,BsmtHalfBath-0,FullBath-2,HalfBath-0,BedroomAbvGr-3,KitchenQual-Gd,TotRmsAbvGrd-7,Functional-Typ,Fireplaces-1,FireplaceQu-Gd,GarageType-Attchd,GarageYrBlt-2008,GarageFinish-RFn,GarageCars-3,GarageArea-772,GarageQual-TA,WoodDeckSF-0,OpenPorchSF-50,EnclosedPorch-0,Fence-NA,MiscFeature-NA,MiscVal-0,MoSold-5,YrSold-2010,SaleType-WD,SaleCondition-Normal,SalePrice-306000,gt_300000
MSSubClass-60,MSZoning-RL,LotFrontage-108,LotShape-Reg,LotConfig-Inside,Neighborhood-NridgHt,Condition1-Norm,BldgType-1Fam,HouseStyle-2Story,OverallQual-8,OverallCond-5,YearBuilt-2004,YearRemodAdd-2005,RoofStyle-Gable,Exterior1st-VinylSd,Exterior2nd-VinylSd,MasVnrType-Stone,MasVnrArea-132,ExterQual-Gd,ExterCond-TA,Foundation-PConc,BsmtQual-Ex,BsmtCond-TA,BsmtExposure-Av,BsmtFinType1-Unf,BsmtFinSF1-0,BsmtFinType2-Unf,BsmtFinSF2-0,BsmtUnfSF-1117,TotalBsmtSF-1117,HeatingQC-Ex,CentralAir-Y,Electrical-SBrkr,GrLivArea-2452,BsmtFullBath-0,BsmtHalfBath-0,FullBath-3,HalfBath-1,BedroomAbvGr-4,KitchenQual-Gd,TotRmsAbvGrd-9,Functional-Typ,Fireplaces-1,FireplaceQu-Gd,GarageType-BuiltIn,GarageYrBlt-2004,GarageFinish-Fin,GarageCars-3,GarageArea-691,GarageQual-TA,WoodDeckSF-113,OpenPorchSF-32,EnclosedPorch-0,Fence-NA,MiscFeature-NA,MiscVal-0,MoSold-9,YrSold-2006,SaleType-WD,SaleCondition-Normal,SalePrice-309000,gt_300000
MSSubClass-120,MSZoning-RL,LotFrontage-61,LotShape-Reg,LotConfig-Inside,Neighborhood-NridgHt,Condition1-Norm,BldgType-TwnhsE,HouseStyle-1Story,OverallQual-9,OverallCond-5,YearBuilt-2005,YearRemodAdd-2005,RoofStyle-Hip,Exterior1st-MetalSd,Exterior2nd-MetalSd,MasVnrType-BrkFace,MasVnrArea-412,ExterQual-Ex,ExterCond-TA,Foundation-PConc,BsmtQual-Ex,BsmtCond-TA,BsmtExposure-No,BsmtFinType1-GLQ,BsmtFinSF1-456,BsmtFinType2-Unf,BsmtFinSF2-0,BsmtUnfSF-1296,TotalBsmtSF-1752,HeatingQC-Ex,CentralAir-Y,Electrical-SBrkr,GrLivArea-1752,BsmtFullBath-1,BsmtHalfBath-0,FullBath-2,HalfBath-0,BedroomAbvGr-2,KitchenQual-Ex,TotRmsAbvGrd-6,Functional-Typ,Fireplaces-1,FireplaceQu-Gd,GarageType-Attchd,GarageYrBlt-2005,GarageFinish-RFn,GarageCars-2,GarageArea-576,GarageQual-TA,WoodDeckSF-196,OpenPorchSF-82,EnclosedPorch-0,Fence-NA,MiscFeature-NA,MiscVal-0,MoSold-2,YrSold-2010,SaleType-WD,SaleCondition-Normal,SalePrice-319900,gt_300000
MSSubClass-20,MSZoning-RL,LotFrontage-68,LotShape-IR1,LotConfig-Inside,Neighborhood-Veenker,Condition1-Norm,BldgType-1Fam,HouseStyle-1Story,OverallQual-9,OverallCond-5,YearBuilt-1981,YearRemodAdd-1987,RoofStyle-Gable,Exterior1st-WdShing,Exterior2nd-Wd Shng,MasVnrType-None,MasVnrArea-0,ExterQual-Gd,ExterCond-TA,Foundation-CBlock,BsmtQual-Ex,BsmtCond-TA,BsmtExposure-Gd,BsmtFinType1-GLQ,BsmtFinSF1-1810,BsmtFinType2-Unf,BsmtFinSF2-0,BsmtUnfSF-32,TotalBsmtSF-1842,HeatingQC-Gd,CentralAir-Y,Electrical-SBrkr,GrLivArea-1842,BsmtFullBath-2,BsmtHalfBath-0,FullBath-0,HalfBath-1,BedroomAbvGr-0,KitchenQual-Gd,TotRmsAbvGrd-5,Functional-Typ,Fireplaces-1,FireplaceQu-Gd,GarageType-Attchd,GarageYrBlt-1981,GarageFinish-Fin,GarageCars-3,GarageArea-894,GarageQual-TA,WoodDeckSF-857,OpenPorchSF-72,EnclosedPorch-0,Fence-NA,MiscFeature-NA,MiscVal-0,MoSold-11,YrSold-2006,SaleType-WD,SaleCondition-Normal,SalePrice-385000,gt_300000
MSSubClass-60,MSZoning-RL,LotFrontage-76,LotShape-Reg,LotConfig-Inside,Neighborhood-NridgHt,Condition1-Norm,BldgType-1Fam,HouseStyle-2Story,OverallQual-8,OverallCond-5,YearBuilt-2004,YearRemodAdd-2005,RoofStyle-Gable,Exterior1st-VinylSd,Exterior2nd-VinylSd,MasVnrType-BrkFace,MasVnrArea-344,ExterQual-Gd,ExterCond-TA,Foundation-PConc,BsmtQual-Ex,BsmtCond-TA,BsmtExposure-Av,BsmtFinType1-Unf,BsmtFinSF1-0,BsmtFinType2-Unf,BsmtFinSF2-0,BsmtUnfSF-1143,TotalBsmtSF-1143,HeatingQC-Ex,CentralAir-Y,Electrical-SBrkr,GrLivArea-2473,BsmtFullBath-0,BsmtHalfBath-0,FullBath-2,HalfBath-1,BedroomAbvGr-4,KitchenQual-Gd,TotRmsAbvGrd-9,Functional-Typ,Fireplaces-1,FireplaceQu-Gd,GarageType-BuiltIn,GarageYrBlt-2004,GarageFinish-RFn,GarageCars-3,GarageArea-852,GarageQual-TA,WoodDeckSF-192,OpenPorchSF-151,EnclosedPorch-0,Fence-NA,MiscFeature-NA,MiscVal-0,MoSold-10,YrSold-2007,SaleType-WD,SaleCondition-Normal,SalePrice-317000,gt_300000
MSSubClass-60,MSZoning-RL,LotFrontage-77,LotShape-Reg,LotConfig-Inside,Neighborhood-CollgCr,Condition1-Norm,BldgType-1Fam,HouseStyle-2Story,OverallQual-7,OverallCond-5,YearBuilt-2007,YearRemodAdd-2007,RoofStyle-Gable,Exterior1st-VinylSd,Exterior2nd-VinylSd,MasVnrType-Stone,MasVnrArea-220,ExterQual-Gd,ExterCond-TA,Foundation-PConc,BsmtQual-Ex,BsmtCond-TA,BsmtExposure-Av,BsmtFinType1-GLQ,BsmtFinSF1-984,BsmtFinType2-Unf,BsmtFinSF2-0,BsmtUnfSF-280,TotalBsmtSF-1264,HeatingQC-Ex,CentralAir-Y,Electrical-SBrkr,GrLivArea-2696,BsmtFullBath-1,BsmtHalfBath-0,FullBath-2,HalfBath-1,BedroomAbvGr-4,KitchenQual-Ex,TotRmsAbvGrd-10,Functional-Typ,Fireplaces-1,FireplaceQu-Gd,GarageType-BuiltIn,GarageYrBlt-2007,GarageFinish-Fin,GarageCars-3,GarageArea-792,GarageQual-TA,WoodDeckSF-120,OpenPorchSF-184,EnclosedPorch-0,Fence-NA,MiscFeature-NA,MiscVal-0,MoSold-10,YrSold-2007,SaleType-New,SaleCondition-Partial,SalePrice-383970,gt_300000
MSSubClass-60,MSZoning-RL,LotFrontage-90,LotShape-Reg,LotConfig-Corner,Neighborhood-SawyerW,Condition1-Norm,BldgType-1Fam,HouseStyle-2Story,OverallQual-7,OverallCond-5,YearBuilt-1990,YearRemodAdd-1990,RoofStyle-Hip,Exterior1st-Plywood,Exterior2nd-Plywood,MasVnrType-None,MasVnrArea-0,ExterQual-TA,ExterCond-TA,Foundation-PConc,BsmtQual-Gd,BsmtCond-TA,BsmtExposure-Mn,BsmtFinType1-GLQ,BsmtFinSF1-1470,BsmtFinType2-Unf,BsmtFinSF2-0,BsmtUnfSF-203,TotalBsmtSF-1673,HeatingQC-Gd,CentralAir-Y,Electrical-SBrkr,GrLivArea-3222,BsmtFullBath-1,BsmtHalfBath-0,FullBath-3,HalfBath-0,BedroomAbvGr-5,KitchenQual-Gd,TotRmsAbvGrd-11,Functional-Typ,Fireplaces-2,FireplaceQu-TA,GarageType-Attchd,GarageYrBlt-1990,GarageFinish-Unf,GarageCars-3,GarageArea-594,GarageQual-TA,WoodDeckSF-367,OpenPorchSF-0,EnclosedPorch-0,Fence-NA,MiscFeature-NA,MiscVal-0,MoSold-5,YrSold-2010,SaleType-WD,SaleCondition-Normal,SalePrice-320000,gt_300000
MSSubClass-20,MSZoning-RL,LotFrontage-107,LotShape-Reg,LotConfig-Inside,Neighborhood-NridgHt,Condition1-Norm,BldgType-1Fam,HouseStyle-1Story,OverallQual-8,OverallCond-5,YearBuilt-2007,YearRemodAdd-2008,RoofStyle-Hip,Exterior1st-VinylSd,Exterior2nd-VinylSd,MasVnrType-Stone,MasVnrArea-436,ExterQual-Gd,ExterCond-TA,Foundation-PConc,BsmtQual-Ex,BsmtCond-TA,BsmtExposure-Gd,BsmtFinType1-GLQ,BsmtFinSF1-1400,BsmtFinType2-Unf,BsmtFinSF2-0,BsmtUnfSF-310,TotalBsmtSF-1710,HeatingQC-Ex,CentralAir-Y,Electrical-SBrkr,GrLivArea-1710,BsmtFullBath-1,BsmtHalfBath-0,FullBath-2,HalfBath-0,BedroomAbvGr-2,KitchenQual-Gd,TotRmsAbvGrd-6,Functional-Typ,Fireplaces-1,FireplaceQu-Gd,GarageType-Attchd,GarageYrBlt-2007,GarageFinish-RFn,GarageCars-3,GarageArea-866,GarageQual-TA,WoodDeckSF-0,OpenPorchSF-102,EnclosedPorch-0,Fence-NA,MiscFeature-NA,MiscVal-0,MoSold-1,YrSold-2008,SaleType-New,SaleCondition-Partial,SalePrice-372402,gt_300000
MSSubClass-60,MSZoning-RL,LotFrontage-134,LotShape-IR1,LotConfig-Corner,Neighborhood-Gilbert,Condition1-Norm,BldgType-1Fam,HouseStyle-2Story,OverallQual-7,OverallCond-5,YearBuilt-2005,YearRemodAdd-2006,RoofStyle-Gable,Exterior1st-VinylSd,Exterior2nd-VinylSd,MasVnrType-BrkFace,MasVnrArea-456,ExterQual-Gd,ExterCond-TA,Foundation-PConc,BsmtQual-Gd,BsmtCond-TA,BsmtExposure-Mn,BsmtFinType1-GLQ,BsmtFinSF1-57,BsmtFinType2-Unf,BsmtFinSF2-0,BsmtUnfSF-1335,TotalBsmtSF-1392,HeatingQC-Ex,CentralAir-Y,Electrical-SBrkr,GrLivArea-2462,BsmtFullBath-1,BsmtHalfBath-0,FullBath-2,HalfBath-1,BedroomAbvGr-4,KitchenQual-Gd,TotRmsAbvGrd-9,Functional-Typ,Fireplaces-1,FireplaceQu-Gd,GarageType-Attchd,GarageYrBlt-2006,GarageFinish-RFn,GarageCars-2,GarageArea-576,GarageQual-TA,WoodDeckSF-239,OpenPorchSF-132,EnclosedPorch-0,Fence-NA,MiscFeature-NA,MiscVal-0,MoSold-3,YrSold-2006,SaleType-New,SaleCondition-Partial,SalePrice-320000,gt_300000
MSSubClass-60,MSZoning-RL,LotFrontage-86,LotShape-Reg,LotConfig-Inside,Neighborhood-NridgHt,Condition1-Norm,BldgType-1Fam,HouseStyle-2Story,OverallQual-8,OverallCond-5,YearBuilt-2007,YearRemodAdd-2007,RoofStyle-Gable,Exterior1st-VinylSd,Exterior2nd-VinylSd,MasVnrType-Stone,MasVnrArea-300,ExterQual-Gd,ExterCond-TA,Foundation-PConc,BsmtQual-Ex,BsmtCond-TA,BsmtExposure-No,BsmtFinType1-GLQ,BsmtFinSF1-1288,BsmtFinType2-Unf,BsmtFinSF2-0,BsmtUnfSF-294,TotalBsmtSF-1582,HeatingQC-Ex,CentralAir-Y,Electrical-SBrkr,GrLivArea-2161,BsmtFullBath-1,BsmtHalfBath-0,FullBath-1,HalfBath-1,BedroomAbvGr-3,KitchenQual-Ex,TotRmsAbvGrd-8,Functional-Typ,Fireplaces-1,FireplaceQu-Gd,GarageType-Attchd,GarageYrBlt-2007,GarageFinish-Fin,GarageCars-3,GarageArea-789,GarageQual-TA,WoodDeckSF-178,OpenPorchSF-120,EnclosedPorch-0,Fence-NA,MiscFeature-NA,MiscVal-0,MoSold-11,YrSold-2007,SaleType-New,SaleCondition-Partial,SalePrice-325624,gt_300000
MSSubClass-70,MSZoning-RL,LotFrontage-70,LotShape-Reg,LotConfig-Inside,Neighborhood-Crawfor,Condition1-Norm,BldgType-1Fam,HouseStyle-2Story,OverallQual-8,OverallCond-8,YearBuilt-1932,YearRemodAdd-1994,RoofStyle-Hip,Exterior1st-BrkFace,Exterior2nd-BrkFace,MasVnrType-None,MasVnrArea-0,ExterQual-Gd,ExterCond-TA,Foundation-CBlock,BsmtQual-Gd,BsmtCond-Gd,BsmtExposure-No,BsmtFinType1-Rec,BsmtFinSF1-297,BsmtFinType2-Unf,BsmtFinSF2-0,BsmtUnfSF-556,TotalBsmtSF-853,HeatingQC-TA,CentralAir-Y,Electrical-SBrkr,GrLivArea-2727,BsmtFullBath-0,BsmtHalfBath-0,FullBath-2,HalfBath-1,BedroomAbvGr-3,KitchenQual-Gd,TotRmsAbvGrd-10,Functional-Maj1,Fireplaces-2,FireplaceQu-TA,GarageType-Detchd,GarageYrBlt-1932,GarageFinish-Unf,GarageCars-2,GarageArea-440,GarageQual-TA,WoodDeckSF-0,OpenPorchSF-74,EnclosedPorch-0,Fence-NA,MiscFeature-NA,MiscVal-0,MoSold-12,YrSold-2007,SaleType-WD,SaleCondition-Normal,SalePrice-315000,gt_300000
MSSubClass-20,MSZoning-RL,LotFrontage-79,LotShape-Reg,LotConfig-Inside,Neighborhood-Somerst,Condition1-Norm,BldgType-1Fam,HouseStyle-1Story,OverallQual-7,OverallCond-5,YearBuilt-2007,YearRemodAdd-2007,RoofStyle-Hip,Exterior1st-CemntBd,Exterior2nd-CmentBd,MasVnrType-Stone,MasVnrArea-205,ExterQual-Ex,ExterCond-TA,Foundation-PConc,BsmtQual-Ex,BsmtCond-TA,BsmtExposure-No,BsmtFinType1-GLQ,BsmtFinSF1-1126,BsmtFinType2-Unf,BsmtFinSF2-0,BsmtUnfSF-600,TotalBsmtSF-1726,HeatingQC-Ex,CentralAir-Y,Electrical-SBrkr,GrLivArea-1726,BsmtFullBath-1,BsmtHalfBath-0,FullBath-2,HalfBath-0,BedroomAbvGr-3,KitchenQual-Ex,TotRmsAbvGrd-8,Functional-Typ,Fireplaces-1,FireplaceQu-Gd,GarageType-Attchd,GarageYrBlt-2007,GarageFinish-Fin,GarageCars-3,GarageArea-786,GarageQual-TA,WoodDeckSF-171,OpenPorchSF-138,EnclosedPorch-0,Fence-NA,MiscFeature-NA,MiscVal-0,MoSold-9,YrSold-2007,SaleType-New,SaleCondition-Partial,SalePrice-311872,gt_300000
MSSubClass-50,MSZoning-RL,LotFrontage-NA,LotShape-IR1,LotConfig-Corner,Neighborhood-Crawfor,Condition1-Norm,BldgType-1Fam,HouseStyle-1.5Fin,OverallQual-7,OverallCond-9,YearBuilt-1939,YearRemodAdd-2006,RoofStyle-Gable,Exterior1st-VinylSd,Exterior2nd-VinylSd,MasVnrType-BrkFace,MasVnrArea-312,ExterQual-Gd,ExterCond-Gd,Foundation-CBlock,BsmtQual-TA,BsmtCond-TA,BsmtExposure-No,BsmtFinType1-BLQ,BsmtFinSF1-341,BsmtFinType2-Unf,BsmtFinSF2-0,BsmtUnfSF-457,TotalBsmtSF-798,HeatingQC-Ex,CentralAir-Y,Electrical-SBrkr,GrLivArea-1954,BsmtFullBath-0,BsmtHalfBath-1,FullBath-1,HalfBath-1,BedroomAbvGr-3,KitchenQual-Gd,TotRmsAbvGrd-8,Functional-Typ,Fireplaces-2,FireplaceQu-TA,GarageType-Attchd,GarageYrBlt-1939,GarageFinish-Unf,GarageCars-2,GarageArea-431,GarageQual-TA,WoodDeckSF-0,OpenPorchSF-119,EnclosedPorch-150,Fence-NA,MiscFeature-NA,MiscVal-0,MoSold-5,YrSold-2008,SaleType-WD,SaleCondition-Normal,SalePrice-311500,gt_300000
MSSubClass-20,MSZoning-RL,LotFrontage-103,LotShape-Reg,LotConfig-Inside,Neighborhood-NridgHt,Condition1-Norm,BldgType-1Fam,HouseStyle-1Story,OverallQual-10,OverallCond-5,YearBuilt-2003,YearRemodAdd-2003,RoofStyle-Hip,Exterior1st-VinylSd,Exterior2nd-VinylSd,MasVnrType-BrkFace,MasVnrArea-922,ExterQual-Ex,ExterCond-TA,Foundation-PConc,BsmtQual-Ex,BsmtCond-TA,BsmtExposure-Gd,BsmtFinType1-GLQ,BsmtFinSF1-56,BsmtFinType2-Unf,BsmtFinSF2-0,BsmtUnfSF-2336,TotalBsmtSF-2392,HeatingQC-Ex,CentralAir-Y,Electrical-SBrkr,GrLivArea-2392,BsmtFullBath-0,BsmtHalfBath-0,FullBath-2,HalfBath-0,BedroomAbvGr-3,KitchenQual-Ex,TotRmsAbvGrd-8,Functional-Typ,Fireplaces-1,FireplaceQu-Ex,GarageType-Attchd,GarageYrBlt-2003,GarageFinish-Fin,GarageCars-3,GarageArea-968,GarageQual-TA,WoodDeckSF-248,OpenPorchSF-105,EnclosedPorch-0,Fence-NA,MiscFeature-NA,MiscVal-0,MoSold-6,YrSold-2009,SaleType-WD,SaleCondition-Normal,SalePrice-386250,gt_300000
MSSubClass-20,MSZoning-RL,LotFrontage-93,LotShape-Reg,LotConfig-Inside,Neighborhood-NridgHt,Condition1-Norm,BldgType-1Fam,HouseStyle-1Story,OverallQual-8,OverallCond-5,YearBuilt-2007,YearRemodAdd-2007,RoofStyle-Hip,Exterior1st-VinylSd,Exterior2nd-VinylSd,MasVnrType-BrkFace,MasVnrArea-254,ExterQual-Ex,ExterCond-TA,Foundation-PConc,BsmtQual-Ex,BsmtCond-TA,BsmtExposure-No,BsmtFinType1-Unf,BsmtFinSF1-0,BsmtFinType2-Unf,BsmtFinSF2-0,BsmtUnfSF-1694,TotalBsmtSF-1694,HeatingQC-Ex,CentralAir-Y,Electrical-SBrkr,GrLivArea-1694,BsmtFullBath-0,BsmtHalfBath-0,FullBath-2,HalfBath-0,BedroomAbvGr-3,KitchenQual-Gd,TotRmsAbvGrd-7,Functional-Typ,Fireplaces-0,FireplaceQu-NA,GarageType-Attchd,GarageYrBlt-2007,GarageFinish-Fin,GarageCars-3,GarageArea-818,GarageQual-TA,WoodDeckSF-168,OpenPorchSF-228,EnclosedPorch-0,Fence-NA,MiscFeature-NA,MiscVal-0,MoSold-12,YrSold-2007,SaleType-New,SaleCondition-Partial,SalePrice-318000,gt_300000
MSSubClass-20,MSZoning-RL,LotFrontage-80,LotShape-Reg,LotConfig-Inside,Neighborhood-CollgCr,Condition1-Norm,BldgType-1Fam,HouseStyle-1Story,OverallQual-8,OverallCond-5,YearBuilt-2004,YearRemodAdd-2005,RoofStyle-Gable,Exterior1st-CemntBd,Exterior2nd-CmentBd,MasVnrType-Stone,MasVnrArea-246,ExterQual-Gd,ExterCond-TA,Foundation-PConc,BsmtQual-Gd,BsmtCond-TA,BsmtExposure-No,BsmtFinType1-GLQ,BsmtFinSF1-1464,BsmtFinType2-Unf,BsmtFinSF2-0,BsmtUnfSF-536,TotalBsmtSF-2000,HeatingQC-Ex,CentralAir-Y,Electrical-SBrkr,GrLivArea-2000,BsmtFullBath-1,BsmtHalfBath-0,FullBath-2,HalfBath-0,BedroomAbvGr-3,KitchenQual-Gd,TotRmsAbvGrd-8,Functional-Typ,Fireplaces-0,FireplaceQu-NA,GarageType-Attchd,GarageYrBlt-2004,GarageFinish-Fin,GarageCars-3,GarageArea-888,GarageQual-TA,WoodDeckSF-168,OpenPorchSF-0,EnclosedPorch-0,Fence-NA,MiscFeature-NA,MiscVal-0,MoSold-7,YrSold-2007,SaleType-WD,SaleCondition-Normal,SalePrice-305900,gt_300000
MSSubClass-20,MSZoning-RL,LotFrontage-90,LotShape-IR1,LotConfig-Inside,Neighborhood-NridgHt,Condition1-Norm,BldgType-1Fam,HouseStyle-1Story,OverallQual-9,OverallCond-5,YearBuilt-2003,YearRemodAdd-2004,RoofStyle-Gable,Exterior1st-VinylSd,Exterior2nd-VinylSd,MasVnrType-None,MasVnrArea-0,ExterQual-Gd,ExterCond-TA,Foundation-PConc,BsmtQual-Ex,BsmtCond-TA,BsmtExposure-Gd,BsmtFinType1-GLQ,BsmtFinSF1-1274,BsmtFinType2-Unf,BsmtFinSF2-0,BsmtUnfSF-622,TotalBsmtSF-1896,HeatingQC-Ex,CentralAir-Y,Electrical-SBrkr,GrLivArea-1944,BsmtFullBath-1,BsmtHalfBath-0,FullBath-2,HalfBath-0,BedroomAbvGr-3,KitchenQual-Ex,TotRmsAbvGrd-8,Functional-Typ,Fireplaces-3,FireplaceQu-Ex,GarageType-Attchd,GarageYrBlt-2003,GarageFinish-Fin,GarageCars-3,GarageArea-708,GarageQual-TA,WoodDeckSF-208,OpenPorchSF-175,EnclosedPorch-0,Fence-NA,MiscFeature-NA,MiscVal-0,MoSold-11,YrSold-2006,SaleType-WD,SaleCondition-Normal,SalePrice-360000,gt_300000
MSSubClass-20,MSZoning-RL,LotFrontage-150,LotShape-IR3,LotConfig-Inside,Neighborhood-Timber,Condition1-Norm,BldgType-1Fam,HouseStyle-1Story,OverallQual-7,OverallCond-5,YearBuilt-1965,YearRemodAdd-1965,RoofStyle-Hip,Exterior1st-BrkFace,Exterior2nd-BrkFace,MasVnrType-None,MasVnrArea-0,ExterQual-TA,ExterCond-TA,Foundation-CBlock,BsmtQual-Gd,BsmtCond-TA,BsmtExposure-Gd,BsmtFinType1-ALQ,BsmtFinSF1-1236,BsmtFinType2-Rec,BsmtFinSF2-820,BsmtUnfSF-80,TotalBsmtSF-2136,HeatingQC-TA,CentralAir-Y,Electrical-SBrkr,GrLivArea-2036,BsmtFullBath-2,BsmtHalfBath-0,FullBath-2,HalfBath-0,BedroomAbvGr-3,KitchenQual-TA,TotRmsAbvGrd-8,Functional-Typ,Fireplaces-2,FireplaceQu-Gd,GarageType-Attchd,GarageYrBlt-1965,GarageFinish-RFn,GarageCars-2,GarageArea-513,GarageQual-TA,WoodDeckSF-0,OpenPorchSF-0,EnclosedPorch-0,Fence-NA,MiscFeature-NA,MiscVal-0,MoSold-6,YrSold-2009,SaleType-WD,SaleCondition-Normal,SalePrice-375000,gt_300000
MSSubClass-60,MSZoning-RL,LotFrontage-111,LotShape-Reg,LotConfig-Corner,Neighborhood-NridgHt,Condition1-Norm,BldgType-1Fam,HouseStyle-2Story,OverallQual-9,OverallCond-5,YearBuilt-2006,YearRemodAdd-2006,RoofStyle-Gable,Exterior1st-VinylSd,Exterior2nd-VinylSd,MasVnrType-Stone,MasVnrArea-370,ExterQual-TA,ExterCond-TA,Foundation-PConc,BsmtQual-Ex,BsmtCond-Gd,BsmtExposure-Av,BsmtFinType1-Unf,BsmtFinSF1-0,BsmtFinType2-Unf,BsmtFinSF2-0,BsmtUnfSF-1249,TotalBsmtSF-1249,HeatingQC-Ex,CentralAir-Y,Electrical-SBrkr,GrLivArea-2596,BsmtFullBath-0,BsmtHalfBath-0,FullBath-3,HalfBath-1,BedroomAbvGr-4,KitchenQual-Gd,TotRmsAbvGrd-9,Functional-Typ,Fireplaces-0,FireplaceQu-NA,GarageType-Attchd,GarageYrBlt-2006,GarageFinish-RFn,GarageCars-3,GarageArea-840,GarageQual-TA,WoodDeckSF-240,OpenPorchSF-154,EnclosedPorch-0,Fence-NA,MiscFeature-NA,MiscVal-0,MoSold-9,YrSold-2006,SaleType-New,SaleCondition-Partial,SalePrice-342643,gt_300000
MSSubClass-60,MSZoning-RL,LotFrontage-99,LotShape-IR1,LotConfig-Inside,Neighborhood-NridgHt,Condition1-Norm,BldgType-1Fam,HouseStyle-2Story,OverallQual-8,OverallCond-5,YearBuilt-2004,YearRemodAdd-2004,RoofStyle-Gable,Exterior1st-VinylSd,Exterior2nd-VinylSd,MasVnrType-BrkFace,MasVnrArea-388,ExterQual-Gd,ExterCond-TA,Foundation-PConc,BsmtQual-Ex,BsmtCond-TA,BsmtExposure-Av,BsmtFinType1-GLQ,BsmtFinSF1-970,BsmtFinType2-Unf,BsmtFinSF2-0,BsmtUnfSF-166,TotalBsmtSF-1136,HeatingQC-Ex,CentralAir-Y,Electrical-SBrkr,GrLivArea-2468,BsmtFullBath-1,BsmtHalfBath-0,FullBath-2,HalfBath-1,BedroomAbvGr-4,KitchenQual-Gd,TotRmsAbvGrd-10,Functional-Typ,Fireplaces-1,FireplaceQu-Gd,GarageType-BuiltIn,GarageYrBlt-2004,GarageFinish-Fin,GarageCars-3,GarageArea-872,GarageQual-TA,WoodDeckSF-184,OpenPorchSF-154,EnclosedPorch-0,Fence-NA,MiscFeature-NA,MiscVal-0,MoSold-6,YrSold-2007,SaleType-WD,SaleCondition-Normal,SalePrice-354000,gt_300000
MSSubClass-60,MSZoning-RL,LotFrontage-86,LotShape-IR1,LotConfig-Inside,Neighborhood-SawyerW,Condition1-Norm,BldgType-1Fam,HouseStyle-2Story,OverallQual-7,OverallCond-5,YearBuilt-1986,YearRemodAdd-1987,RoofStyle-Gable,Exterior1st-Plywood,Exterior2nd-Plywood,MasVnrType-BrkFace,MasVnrArea-172,ExterQual-Gd,ExterCond-TA,Foundation-CBlock,BsmtQual-TA,BsmtCond-TA,BsmtExposure-Gd,BsmtFinType1-LwQ,BsmtFinSF1-28,BsmtFinType2-ALQ,BsmtFinSF2-1474,BsmtUnfSF-0,TotalBsmtSF-1502,HeatingQC-Ex,CentralAir-Y,Electrical-SBrkr,GrLivArea-2730,BsmtFullBath-1,BsmtHalfBath-0,FullBath-2,HalfBath-1,BedroomAbvGr-4,KitchenQual-Gd,TotRmsAbvGrd-8,Functional-Typ,Fireplaces-1,FireplaceQu-TA,GarageType-Attchd,GarageYrBlt-1987,GarageFinish-Fin,GarageCars-2,GarageArea-576,GarageQual-TA,WoodDeckSF-201,OpenPorchSF-96,EnclosedPorch-0,Fence-MnPrv,MiscFeature-NA,MiscVal-0,MoSold-8,YrSold-2007,SaleType-WD,SaleCondition-Normal,SalePrice-301000,gt_300000
MSSubClass-120,MSZoning-RL,LotFrontage-32,LotShape-IR1,LotConfig-CulDSac,Neighborhood-Veenker,Condition1-Norm,BldgType-TwnhsE,HouseStyle-1Story,OverallQual-8,OverallCond-5,YearBuilt-1993,YearRemodAdd-1993,RoofStyle-Gable,Exterior1st-BrkFace,Exterior2nd-BrkFace,MasVnrType-None,MasVnrArea-0,ExterQual-Gd,ExterCond-TA,Foundation-PConc,BsmtQual-Gd,BsmtCond-TA,BsmtExposure-Gd,BsmtFinType1-GLQ,BsmtFinSF1-1619,BsmtFinType2-Unf,BsmtFinSF2-0,BsmtUnfSF-100,TotalBsmtSF-1719,HeatingQC-Ex,CentralAir-Y,Electrical-SBrkr,GrLivArea-1719,BsmtFullBath-2,BsmtHalfBath-0,FullBath-1,HalfBath-1,BedroomAbvGr-1,KitchenQual-Gd,TotRmsAbvGrd-6,Functional-Typ,Fireplaces-2,FireplaceQu-Gd,GarageType-Attchd,GarageYrBlt-1993,GarageFinish-Fin,GarageCars-2,GarageArea-473,GarageQual-TA,WoodDeckSF-122,OpenPorchSF-30,EnclosedPorch-0,Fence-NA,MiscFeature-NA,MiscVal-0,MoSold-5,YrSold-2008,SaleType-Con,SaleCondition-Normal,SalePrice-324000,gt_300000
MSSubClass-20,MSZoning-RL,LotFrontage-86,LotShape-IR1,LotConfig-Corner,Neighborhood-StoneBr,Condition1-Norm,BldgType-1Fam,HouseStyle-1Story,OverallQual-9,OverallCond-5,YearBuilt-2005,YearRemodAdd-2006,RoofStyle-Hip,Exterior1st-VinylSd,Exterior2nd-VinylSd,MasVnrType-Stone,MasVnrArea-200,ExterQual-Gd,ExterCond-TA,Foundation-PConc,BsmtQual-Ex,BsmtCond-TA,BsmtExposure-Gd,BsmtFinType1-GLQ,BsmtFinSF1-1249,BsmtFinType2-Unf,BsmtFinSF2-0,BsmtUnfSF-673,TotalBsmtSF-1922,HeatingQC-Ex,CentralAir-Y,Electrical-SBrkr,GrLivArea-1922,BsmtFullBath-1,BsmtHalfBath-0,FullBath-2,HalfBath-0,BedroomAbvGr-3,KitchenQual-Gd,TotRmsAbvGrd-8,Functional-Typ,Fireplaces-1,FireplaceQu-Gd,GarageType-Attchd,GarageYrBlt-2005,GarageFinish-Fin,GarageCars-3,GarageArea-676,GarageQual-TA,WoodDeckSF-178,OpenPorchSF-51,EnclosedPorch-0,Fence-NA,MiscFeature-NA,MiscVal-0,MoSold-7,YrSold-2007,SaleType-WD,SaleCondition-Normal,SalePrice-377426,gt_300000
MSSubClass-120,MSZoning-RL,LotFrontage-68,LotShape-IR1,LotConfig-Inside,Neighborhood-NridgHt,Condition1-Norm,BldgType-TwnhsE,HouseStyle-1Story,OverallQual-9,OverallCond-5,YearBuilt-2007,YearRemodAdd-2007,RoofStyle-Hip,Exterior1st-MetalSd,Exterior2nd-MetalSd,MasVnrType-BrkFace,MasVnrArea-362,ExterQual-Ex,ExterCond-TA,Foundation-PConc,BsmtQual-Ex,BsmtCond-TA,BsmtExposure-No,BsmtFinType1-Unf,BsmtFinSF1-0,BsmtFinType2-Unf,BsmtFinSF2-0,BsmtUnfSF-1869,TotalBsmtSF-1869,HeatingQC-Ex,CentralAir-Y,Electrical-SBrkr,GrLivArea-1869,BsmtFullBath-0,BsmtHalfBath-0,FullBath-2,HalfBath-0,BedroomAbvGr-2,KitchenQual-Ex,TotRmsAbvGrd-6,Functional-Typ,Fireplaces-1,FireplaceQu-Gd,GarageType-Attchd,GarageYrBlt-2007,GarageFinish-RFn,GarageCars-2,GarageArea-617,GarageQual-TA,WoodDeckSF-210,OpenPorchSF-54,EnclosedPorch-0,Fence-NA,MiscFeature-NA,MiscVal-0,MoSold-12,YrSold-2007,SaleType-New,SaleCondition-Partial,SalePrice-318061,gt_300000
MSSubClass-60,MSZoning-FV,LotFrontage-102,LotShape-IR1,LotConfig-Corner,Neighborhood-Somerst,Condition1-Norm,BldgType-1Fam,HouseStyle-2Story,OverallQual-8,OverallCond-5,YearBuilt-2004,YearRemodAdd-2005,RoofStyle-Gable,Exterior1st-CemntBd,Exterior2nd-CmentBd,MasVnrType-None,MasVnrArea-0,ExterQual-Gd,ExterCond-TA,Foundation-PConc,BsmtQual-Gd,BsmtCond-TA,BsmtExposure-No,BsmtFinType1-Unf,BsmtFinSF1-0,BsmtFinType2-Unf,BsmtFinSF2-0,BsmtUnfSF-1580,TotalBsmtSF-1580,HeatingQC-Ex,CentralAir-Y,Electrical-SBrkr,GrLivArea-2466,BsmtFullBath-0,BsmtHalfBath-0,FullBath-3,HalfBath-0,BedroomAbvGr-4,KitchenQual-Gd,TotRmsAbvGrd-8,Functional-Typ,Fireplaces-1,FireplaceQu-Gd,GarageType-Attchd,GarageYrBlt-2004,GarageFinish-RFn,GarageCars-2,GarageArea-610,GarageQual-TA,WoodDeckSF-159,OpenPorchSF-214,EnclosedPorch-0,Fence-NA,MiscFeature-NA,MiscVal-0,MoSold-12,YrSold-2007,SaleType-WD,SaleCondition-Normal,SalePrice-340000,gt_300000
MSSubClass-20,MSZoning-RL,LotFrontage-88,LotShape-Reg,LotConfig-Corner,Neighborhood-StoneBr,Condition1-Norm,BldgType-1Fam,HouseStyle-1Story,OverallQual-9,OverallCond-2,YearBuilt-2010,YearRemodAdd-2010,RoofStyle-Hip,Exterior1st-VinylSd,Exterior2nd-VinylSd,MasVnrType-Stone,MasVnrArea-350,ExterQual-Gd,ExterCond-TA,Foundation-PConc,BsmtQual-Ex,BsmtCond-TA,BsmtExposure-Av,BsmtFinType1-GLQ,BsmtFinSF1-1445,BsmtFinType2-Unf,BsmtFinSF2-0,BsmtUnfSF-411,TotalBsmtSF-1856,HeatingQC-Ex,CentralAir-Y,Electrical-SBrkr,GrLivArea-1856,BsmtFullBath-1,BsmtHalfBath-0,FullBath-1,HalfBath-1,BedroomAbvGr-1,KitchenQual-Ex,TotRmsAbvGrd-8,Functional-Typ,Fireplaces-1,FireplaceQu-Ex,GarageType-Attchd,GarageYrBlt-2010,GarageFinish-Fin,GarageCars-3,GarageArea-834,GarageQual-TA,WoodDeckSF-113,OpenPorchSF-0,EnclosedPorch-0,Fence-NA,MiscFeature-NA,MiscVal-0,MoSold-6,YrSold-2010,SaleType-New,SaleCondition-Partial,SalePrice-394432,gt_300000
MSSubClass-60,MSZoning-FV,LotFrontage-85,LotShape-Reg,LotConfig-Inside,Neighborhood-Somerst,Condition1-Norm,BldgType-1Fam,HouseStyle-2Story,OverallQual-8,OverallCond-5,YearBuilt-2007,YearRemodAdd-2008,RoofStyle-Gable,Exterior1st-VinylSd,Exterior2nd-VinylSd,MasVnrType-Stone,MasVnrArea-100,ExterQual-Gd,ExterCond-TA,Foundation-PConc,BsmtQual-Ex,BsmtCond-TA,BsmtExposure-No,BsmtFinType1-GLQ,BsmtFinSF1-789,BsmtFinType2-Unf,BsmtFinSF2-0,BsmtUnfSF-245,TotalBsmtSF-1034,HeatingQC-Ex,CentralAir-Y,Electrical-SBrkr,GrLivArea-2078,BsmtFullBath-1,BsmtHalfBath-0,FullBath-2,HalfBath-1,BedroomAbvGr-3,KitchenQual-Ex,TotRmsAbvGrd-8,Functional-Typ,Fireplaces-1,FireplaceQu-Gd,GarageType-Attchd,GarageYrBlt-2008,GarageFinish-Fin,GarageCars-3,GarageArea-836,GarageQual-TA,WoodDeckSF-0,OpenPorchSF-102,EnclosedPorch-0,Fence-NA,MiscFeature-NA,MiscVal-0,MoSold-4,YrSold-2008,SaleType-New,SaleCondition-Partial,SalePrice-339750,gt_300000
MSSubClass-60,MSZoning-RL,LotFrontage-80,LotShape-Reg,LotConfig-Inside,Neighborhood-NoRidge,Condition1-Norm,BldgType-1Fam,HouseStyle-2Story,OverallQual-8,OverallCond-5,YearBuilt-1998,YearRemodAdd-1998,RoofStyle-Gable,Exterior1st-VinylSd,Exterior2nd-VinylSd,MasVnrType-BrkFace,MasVnrArea-473,ExterQual-Gd,ExterCond-TA,Foundation-PConc,BsmtQual-Gd,BsmtCond-TA,BsmtExposure-No,BsmtFinType1-GLQ,BsmtFinSF1-986,BsmtFinType2-Unf,BsmtFinSF2-0,BsmtUnfSF-484,TotalBsmtSF-1470,HeatingQC-Gd,CentralAir-Y,Electrical-SBrkr,GrLivArea-2630,BsmtFullBath-1,BsmtHalfBath-0,FullBath-2,HalfBath-1,BedroomAbvGr-4,KitchenQual-Gd,TotRmsAbvGrd-8,Functional-Typ,Fireplaces-1,FireplaceQu-TA,GarageType-Attchd,GarageYrBlt-1998,GarageFinish-Fin,GarageCars-3,GarageArea-696,GarageQual-TA,WoodDeckSF-0,OpenPorchSF-66,EnclosedPorch-0,Fence-NA,MiscFeature-NA,MiscVal-0,MoSold-6,YrSold-2008,SaleType-WD,SaleCondition-Normal,SalePrice-315000,gt_300000
MSSubClass-60,MSZoning-RL,LotFrontage-105,LotShape-Reg,LotConfig-Inside,Neighborhood-NridgHt,Condition1-Norm,BldgType-1Fam,HouseStyle-2Story,OverallQual-9,OverallCond-5,YearBuilt-2006,YearRemodAdd-2006,RoofStyle-Hip,Exterior1st-VinylSd,Exterior2nd-VinylSd,MasVnrType-BrkFace,MasVnrArea-772,ExterQual-Ex,ExterCond-TA,Foundation-PConc,BsmtQual-Gd,BsmtCond-TA,BsmtExposure-Av,BsmtFinType1-Unf,BsmtFinSF1-0,BsmtFinType2-Unf,BsmtFinSF2-0,BsmtUnfSF-2153,TotalBsmtSF-2153,HeatingQC-Ex,CentralAir-Y,Electrical-SBrkr,GrLivArea-2643,BsmtFullBath-0,BsmtHalfBath-0,FullBath-2,HalfBath-1,BedroomAbvGr-3,KitchenQual-Ex,TotRmsAbvGrd-9,Functional-Typ,Fireplaces-1,FireplaceQu-Gd,GarageType-BuiltIn,GarageYrBlt-2006,GarageFinish-Fin,GarageCars-3,GarageArea-694,GarageQual-TA,WoodDeckSF-414,OpenPorchSF-84,EnclosedPorch-0,Fence-NA,MiscFeature-NA,MiscVal-0,MoSold-3,YrSold-2007,SaleType-WD,SaleCondition-Normal,SalePrice-380000,gt_300000
MSSubClass-20,MSZoning-RL,LotFrontage-98,LotShape-IR1,LotConfig-FR2,Neighborhood-NridgHt,Condition1-Norm,BldgType-1Fam,HouseStyle-1Story,OverallQual-9,OverallCond-5,YearBuilt-2004,YearRemodAdd-2005,RoofStyle-Hip,Exterior1st-VinylSd,Exterior2nd-VinylSd,MasVnrType-BrkFace,MasVnrArea-378,ExterQual-Gd,ExterCond-TA,Foundation-PConc,BsmtQual-Ex,BsmtCond-TA,BsmtExposure-Gd,BsmtFinType1-GLQ,BsmtFinSF1-1261,BsmtFinType2-Unf,BsmtFinSF2-0,BsmtUnfSF-572,TotalBsmtSF-1833,HeatingQC-Ex,CentralAir-Y,Electrical-SBrkr,GrLivArea-1850,BsmtFullBath-1,BsmtHalfBath-0,FullBath-2,HalfBath-0,BedroomAbvGr-3,KitchenQual-Gd,TotRmsAbvGrd-8,Functional-Typ,Fireplaces-1,FireplaceQu-Gd,GarageType-Attchd,GarageYrBlt-2004,GarageFinish-Fin,GarageCars-3,GarageArea-772,GarageQual-TA,WoodDeckSF-519,OpenPorchSF-112,EnclosedPorch-0,Fence-NA,MiscFeature-NA,MiscVal-0,MoSold-3,YrSold-2006,SaleType-WD,SaleCondition-Normal,SalePrice-326000,gt_300000
MSSubClass-20,MSZoning-RL,LotFrontage-72,LotShape-IR1,LotConfig-Inside,Neighborhood-NridgHt,Condition1-Norm,BldgType-1Fam,HouseStyle-1Story,OverallQual-9,OverallCond-5,YearBuilt-2003,YearRemodAdd-2004,RoofStyle-Hip,Exterior1st-VinylSd,Exterior2nd-VinylSd,MasVnrType-BrkFace,MasVnrArea-562,ExterQual-Gd,ExterCond-TA,Foundation-PConc,BsmtQual-Ex,BsmtCond-TA,BsmtExposure-Gd,BsmtFinType1-GLQ,BsmtFinSF1-1567,BsmtFinType2-Unf,BsmtFinSF2-0,BsmtUnfSF-225,TotalBsmtSF-1792,HeatingQC-Ex,CentralAir-Y,Electrical-SBrkr,GrLivArea-1792,BsmtFullBath-1,BsmtHalfBath-0,FullBath-2,HalfBath-0,BedroomAbvGr-2,KitchenQual-Ex,TotRmsAbvGrd-6,Functional-Typ,Fireplaces-1,FireplaceQu-Gd,GarageType-Attchd,GarageYrBlt-2003,GarageFinish-Fin,GarageCars-3,GarageArea-874,GarageQual-TA,WoodDeckSF-206,OpenPorchSF-49,EnclosedPorch-0,Fence-NA,MiscFeature-NA,MiscVal-0,MoSold-8,YrSold-2006,SaleType-WD,SaleCondition-Normal,SalePrice-374000,gt_300000
MSSubClass-60,MSZoning-RL,LotFrontage-95,LotShape-IR1,LotConfig-Inside,Neighborhood-NoRidge,Condition1-Norm,BldgType-1Fam,HouseStyle-2Story,OverallQual-7,OverallCond-5,YearBuilt-1996,YearRemodAdd-1997,RoofStyle-Gable,Exterior1st-VinylSd,Exterior2nd-VinylSd,MasVnrType-BrkFace,MasVnrArea-594,ExterQual-Gd,ExterCond-TA,Foundation-PConc,BsmtQual-Gd,BsmtCond-TA,BsmtExposure-No,BsmtFinType1-GLQ,BsmtFinSF1-719,BsmtFinType2-Unf,BsmtFinSF2-0,BsmtUnfSF-660,TotalBsmtSF-1379,HeatingQC-Ex,CentralAir-Y,Electrical-SBrkr,GrLivArea-2398,BsmtFullBath-1,BsmtHalfBath-0,FullBath-2,HalfBath-1,BedroomAbvGr-3,KitchenQual-Gd,TotRmsAbvGrd-8,Functional-Typ,Fireplaces-1,FireplaceQu-TA,GarageType-Attchd,GarageYrBlt-1996,GarageFinish-Fin,GarageCars-3,GarageArea-834,GarageQual-TA,WoodDeckSF-239,OpenPorchSF-60,EnclosedPorch-0,Fence-NA,MiscFeature-NA,MiscVal-0,MoSold-8,YrSold-2007,SaleType-WD,SaleCondition-Normal,SalePrice-315750,gt_300000
MSSubClass-20,MSZoning-RL,LotFrontage-85,LotShape-Reg,LotConfig-Inside,Neighborhood-Timber,Condition1-Norm,BldgType-1Fam,HouseStyle-1Story,OverallQual-9,OverallCond-5,YearBuilt-2006,YearRemodAdd-2006,RoofStyle-Hip,Exterior1st-VinylSd,Exterior2nd-VinylSd,MasVnrType-BrkFace,MasVnrArea-584,ExterQual-Ex,ExterCond-TA,Foundation-PConc,BsmtQual-Ex,BsmtCond-TA,BsmtExposure-Av,BsmtFinType1-GLQ,BsmtFinSF1-1260,BsmtFinType2-Unf,BsmtFinSF2-0,BsmtUnfSF-578,TotalBsmtSF-1838,HeatingQC-Ex,CentralAir-Y,Electrical-SBrkr,GrLivArea-1838,BsmtFullBath-1,BsmtHalfBath-0,FullBath-2,HalfBath-0,BedroomAbvGr-2,KitchenQual-Ex,TotRmsAbvGrd-8,Functional-Typ,Fireplaces-1,FireplaceQu-Gd,GarageType-Attchd,GarageYrBlt-2006,GarageFinish-Fin,GarageCars-3,GarageArea-765,GarageQual-TA,WoodDeckSF-270,OpenPorchSF-68,EnclosedPorch-0,Fence-NA,MiscFeature-NA,MiscVal-0,MoSold-3,YrSold-2009,SaleType-WD,SaleCondition-Normal,SalePrice-315000,gt_300000
MSSubClass-60,MSZoning-RL,LotFrontage-77,LotShape-IR1,LotConfig-Inside,Neighborhood-StoneBr,Condition1-Norm,BldgType-1Fam,HouseStyle-2Story,OverallQual-9,OverallCond-5,YearBuilt-2005,YearRemodAdd-2007,RoofStyle-Hip,Exterior1st-VinylSd,Exterior2nd-VinylSd,MasVnrType-BrkFace,MasVnrArea-245,ExterQual-Gd,ExterCond-TA,Foundation-PConc,BsmtQual-Gd,BsmtCond-Gd,BsmtExposure-No,BsmtFinType1-Unf,BsmtFinSF1-0,BsmtFinType2-Unf,BsmtFinSF2-0,BsmtUnfSF-1122,TotalBsmtSF-1122,HeatingQC-Ex,CentralAir-Y,Electrical-SBrkr,GrLivArea-2504,BsmtFullBath-0,BsmtHalfBath-0,FullBath-2,HalfBath-1,BedroomAbvGr-4,KitchenQual-Ex,TotRmsAbvGrd-11,Functional-Typ,Fireplaces-1,FireplaceQu-Gd,GarageType-BuiltIn,GarageYrBlt-2005,GarageFinish-Fin,GarageCars-3,GarageArea-656,GarageQual-TA,WoodDeckSF-144,OpenPorchSF-39,EnclosedPorch-0,Fence-NA,MiscFeature-NA,MiscVal-0,MoSold-6,YrSold-2008,SaleType-WD,SaleCondition-Normal,SalePrice-325000,gt_300000
MSSubClass-50,MSZoning-RL,LotFrontage-79,LotShape-IR1,LotConfig-Inside,Neighborhood-SawyerW,Condition1-Norm,BldgType-1Fam,HouseStyle-1.5Fin,OverallQual-8,OverallCond-8,YearBuilt-1983,YearRemodAdd-2009,RoofStyle-Gable,Exterior1st-Wd Sdng,Exterior2nd-Wd Sdng,MasVnrType-None,MasVnrArea-0,ExterQual-Gd,ExterCond-TA,Foundation-CBlock,BsmtQual-Gd,BsmtCond-TA,BsmtExposure-Gd,BsmtFinType1-GLQ,BsmtFinSF1-1441,BsmtFinType2-Unf,BsmtFinSF2-0,BsmtUnfSF-55,TotalBsmtSF-1496,HeatingQC-Ex,CentralAir-Y,Electrical-SBrkr,GrLivArea-2132,BsmtFullBath-1,BsmtHalfBath-0,FullBath-1,HalfBath-1,BedroomAbvGr-1,KitchenQual-Gd,TotRmsAbvGrd-5,Functional-Min2,Fireplaces-1,FireplaceQu-Gd,GarageType-BuiltIn,GarageYrBlt-1983,GarageFinish-Fin,GarageCars-2,GarageArea-612,GarageQual-Gd,WoodDeckSF-349,OpenPorchSF-40,EnclosedPorch-0,Fence-NA,MiscFeature-NA,MiscVal-0,MoSold-9,YrSold-2009,SaleType-WD,SaleCondition-Normal,SalePrice-316600,gt_300000
MSSubClass-75,MSZoning-RM,LotFrontage-75,LotShape-Reg,LotConfig-Inside,Neighborhood-OldTown,Condition1-Artery,BldgType-1Fam,HouseStyle-2.5Unf,OverallQual-10,OverallCond-9,YearBuilt-1893,YearRemodAdd-2000,RoofStyle-Gable,Exterior1st-Wd Sdng,Exterior2nd-Wd Sdng,MasVnrType-None,MasVnrArea-0,ExterQual-Ex,ExterCond-Ex,Foundation-BrkTil,BsmtQual-TA,BsmtCond-TA,BsmtExposure-No,BsmtFinType1-Unf,BsmtFinSF1-0,BsmtFinType2-Unf,BsmtFinSF2-0,BsmtUnfSF-1237,TotalBsmtSF-1237,HeatingQC-Gd,CentralAir-Y,Electrical-SBrkr,GrLivArea-2775,BsmtFullBath-0,BsmtHalfBath-0,FullBath-3,HalfBath-1,BedroomAbvGr-3,KitchenQual-Gd,TotRmsAbvGrd-9,Functional-Typ,Fireplaces-1,FireplaceQu-Gd,GarageType-Detchd,GarageYrBlt-1988,GarageFinish-Unf,GarageCars-2,GarageArea-880,GarageQual-Gd,WoodDeckSF-105,OpenPorchSF-502,EnclosedPorch-0,Fence-NA,MiscFeature-NA,MiscVal-0,MoSold-7,YrSold-2008,SaleType-WD,SaleCondition-Normal,SalePrice-325000,gt_300000
MSSubClass-20,MSZoning-RL,LotFrontage-88,LotShape-Reg,LotConfig-Inside,Neighborhood-Timber,Condition1-Norm,BldgType-1Fam,HouseStyle-1Story,OverallQual-8,OverallCond-5,YearBuilt-2005,YearRemodAdd-2006,RoofStyle-Hip,Exterior1st-VinylSd,Exterior2nd-VinylSd,MasVnrType-BrkFace,MasVnrArea-208,ExterQual-Gd,ExterCond-TA,Foundation-PConc,BsmtQual-Ex,BsmtCond-TA,BsmtExposure-Gd,BsmtFinType1-GLQ,BsmtFinSF1-1460,BsmtFinType2-Unf,BsmtFinSF2-0,BsmtUnfSF-408,TotalBsmtSF-1868,HeatingQC-Ex,CentralAir-Y,Electrical-SBrkr,GrLivArea-2028,BsmtFullBath-1,BsmtHalfBath-0,FullBath-2,HalfBath-0,BedroomAbvGr-2,KitchenQual-Gd,TotRmsAbvGrd-7,Functional-Typ,Fireplaces-2,FireplaceQu-Gd,GarageType-Attchd,GarageYrBlt-2005,GarageFinish-RFn,GarageCars-3,GarageArea-880,GarageQual-TA,WoodDeckSF-326,OpenPorchSF-66,EnclosedPorch-0,Fence-NA,MiscFeature-NA,MiscVal-0,MoSold-3,YrSold-2006,SaleType-New,SaleCondition-Partial,SalePrice-369900,gt_300000
MSSubClass-20,MSZoning-RL,LotFrontage-69,LotShape-IR1,LotConfig-Inside,Neighborhood-StoneBr,Condition1-Norm,BldgType-1Fam,HouseStyle-1Story,OverallQual-8,OverallCond-5,YearBuilt-2005,YearRemodAdd-2006,RoofStyle-Gable,Exterior1st-VinylSd,Exterior2nd-Other,MasVnrType-BrkFace,MasVnrArea-238,ExterQual-Gd,ExterCond-TA,Foundation-PConc,BsmtQual-Gd,BsmtCond-TA,BsmtExposure-Gd,BsmtFinType1-GLQ,BsmtFinSF1-1422,BsmtFinType2-Unf,BsmtFinSF2-0,BsmtUnfSF-392,TotalBsmtSF-1814,HeatingQC-Ex,CentralAir-Y,Electrical-SBrkr,GrLivArea-1826,BsmtFullBath-1,BsmtHalfBath-0,FullBath-2,HalfBath-0,BedroomAbvGr-3,KitchenQual-Gd,TotRmsAbvGrd-7,Functional-Typ,Fireplaces-1,FireplaceQu-TA,GarageType-Attchd,GarageYrBlt-2005,GarageFinish-Fin,GarageCars-3,GarageArea-758,GarageQual-TA,WoodDeckSF-180,OpenPorchSF-75,EnclosedPorch-0,Fence-NA,MiscFeature-NA,MiscVal-0,MoSold-8,YrSold-2006,SaleType-New,SaleCondition-Partial,SalePrice-319000,gt_300000
MSSubClass-70,MSZoning-RL,LotFrontage-78,LotShape-Reg,LotConfig-Inside,Neighborhood-Crawfor,Condition1-Norm,BldgType-1Fam,HouseStyle-2Story,OverallQual-8,OverallCond-6,YearBuilt-1934,YearRemodAdd-1998,RoofStyle-Gable,Exterior1st-BrkFace,Exterior2nd-Wd Sdng,MasVnrType-None,MasVnrArea-0,ExterQual-TA,ExterCond-TA,Foundation-PConc,BsmtQual-Gd,BsmtCond-TA,BsmtExposure-Mn,BsmtFinType1-BLQ,BsmtFinSF1-428,BsmtFinType2-Unf,BsmtFinSF2-0,BsmtUnfSF-537,TotalBsmtSF-965,HeatingQC-TA,CentralAir-Y,Electrical-SBrkr,GrLivArea-3194,BsmtFullBath-0,BsmtHalfBath-0,FullBath-2,HalfBath-1,BedroomAbvGr-4,KitchenQual-TA,TotRmsAbvGrd-10,Functional-Typ,Fireplaces-2,FireplaceQu-Gd,GarageType-Basment,GarageYrBlt-1934,GarageFinish-Unf,GarageCars-2,GarageArea-380,GarageQual-TA,WoodDeckSF-0,OpenPorchSF-0,EnclosedPorch-0,Fence-NA,MiscFeature-NA,MiscVal-0,MoSold-9,YrSold-2007,SaleType-WD,SaleCondition-Alloca,SalePrice-359100,gt_300000
MSSubClass-60,MSZoning-RL,LotFrontage-NA,LotShape-Reg,LotConfig-Inside,Neighborhood-CollgCr,Condition1-PosN,BldgType-1Fam,HouseStyle-2Story,OverallQual-9,OverallCond-5,YearBuilt-2000,YearRemodAdd-2000,RoofStyle-Hip,Exterior1st-VinylSd,Exterior2nd-VinylSd,MasVnrType-BrkFace,MasVnrArea-204,ExterQual-Gd,ExterCond-TA,Foundation-PConc,BsmtQual-Ex,BsmtCond-TA,BsmtExposure-Mn,BsmtFinType1-GLQ,BsmtFinSF1-904,BsmtFinType2-Unf,BsmtFinSF2-0,BsmtUnfSF-536,TotalBsmtSF-1440,HeatingQC-Ex,CentralAir-Y,Electrical-SBrkr,GrLivArea-2153,BsmtFullBath-1,BsmtHalfBath-0,FullBath-2,HalfBath-1,BedroomAbvGr-3,KitchenQual-Ex,TotRmsAbvGrd-8,Functional-Typ,Fireplaces-2,FireplaceQu-Ex,GarageType-Attchd,GarageYrBlt-2000,GarageFinish-Fin,GarageCars-3,GarageArea-736,GarageQual-TA,WoodDeckSF-253,OpenPorchSF-142,EnclosedPorch-0,Fence-NA,MiscFeature-NA,MiscVal-0,MoSold-5,YrSold-2009,SaleType-WD,SaleCondition-Normal,SalePrice-313000,gt_300000
MSSubClass-20,MSZoning-RL,LotFrontage-90,LotShape-Reg,LotConfig-Inside,Neighborhood-NridgHt,Condition1-Norm,BldgType-1Fam,HouseStyle-1Story,OverallQual-9,OverallCond-5,YearBuilt-2007,YearRemodAdd-2007,RoofStyle-Hip,Exterior1st-CemntBd,Exterior2nd-CmentBd,MasVnrType-BrkFace,MasVnrArea-452,ExterQual-Ex,ExterCond-TA,Foundation-PConc,BsmtQual-Ex,BsmtCond-TA,BsmtExposure-Av,BsmtFinType1-GLQ,BsmtFinSF1-48,BsmtFinType2-Unf,BsmtFinSF2-0,BsmtUnfSF-1774,TotalBsmtSF-1822,HeatingQC-Ex,CentralAir-Y,Electrical-SBrkr,GrLivArea-1828,BsmtFullBath-0,BsmtHalfBath-0,FullBath-2,HalfBath-0,BedroomAbvGr-3,KitchenQual-Gd,TotRmsAbvGrd-9,Functional-Typ,Fireplaces-1,FireplaceQu-Gd,GarageType-Attchd,GarageYrBlt-2007,GarageFinish-Unf,GarageCars-3,GarageArea-774,GarageQual-TA,WoodDeckSF-0,OpenPorchSF-108,EnclosedPorch-0,Fence-NA,MiscFeature-NA,MiscVal-0,MoSold-7,YrSold-2007,SaleType-New,SaleCondition-Partial,SalePrice-314813,gt_300000
MSSubClass-60,MSZoning-RL,LotFrontage-85,LotShape-Reg,LotConfig-Inside,Neighborhood-Timber,Condition1-Norm,BldgType-1Fam,HouseStyle-2Story,OverallQual-8,OverallCond-5,YearBuilt-2003,YearRemodAdd-2003,RoofStyle-Hip,Exterior1st-VinylSd,Exterior2nd-VinylSd,MasVnrType-Stone,MasVnrArea-226,ExterQual-Gd,ExterCond-TA,Foundation-PConc,BsmtQual-Gd,BsmtCond-TA,BsmtExposure-Gd,BsmtFinType1-GLQ,BsmtFinSF1-871,BsmtFinType2-Unf,BsmtFinSF2-0,BsmtUnfSF-611,TotalBsmtSF-1482,HeatingQC-Ex,CentralAir-Y,Electrical-SBrkr,GrLivArea-2262,BsmtFullBath-1,BsmtHalfBath-0,FullBath-2,HalfBath-1,BedroomAbvGr-4,KitchenQual-Gd,TotRmsAbvGrd-10,Functional-Typ,Fireplaces-2,FireplaceQu-Gd,GarageType-Attchd,GarageYrBlt-2003,GarageFinish-Fin,GarageCars-3,GarageArea-749,GarageQual-TA,WoodDeckSF-168,OpenPorchSF-0,EnclosedPorch-0,Fence-NA,MiscFeature-NA,MiscVal-0,MoSold-8,YrSold-2008,SaleType-WD,SaleCondition-Normal,SalePrice-305000,gt_300000
MSSubClass-80,MSZoning-RL,LotFrontage-75,LotShape-Reg,LotConfig-Inside,Neighborhood-NAmes,Condition1-Norm,BldgType-1Fam,HouseStyle-SLvl,OverallQual-8,OverallCond-7,YearBuilt-1972,YearRemodAdd-1995,RoofStyle-Gable,Exterior1st-Plywood,Exterior2nd-Wd Sdng,MasVnrType-None,MasVnrArea-0,ExterQual-Gd,ExterCond-TA,Foundation-CBlock,BsmtQual-Gd,BsmtCond-TA,BsmtExposure-Gd,BsmtFinType1-GLQ,BsmtFinSF1-1410,BsmtFinType2-Unf,BsmtFinSF2-0,BsmtUnfSF-542,TotalBsmtSF-1952,HeatingQC-Gd,CentralAir-Y,Electrical-SBrkr,GrLivArea-2704,BsmtFullBath-1,BsmtHalfBath-0,FullBath-2,HalfBath-1,BedroomAbvGr-4,KitchenQual-Ex,TotRmsAbvGrd-9,Functional-Typ,Fireplaces-3,FireplaceQu-TA,GarageType-Attchd,GarageYrBlt-1972,GarageFinish-Fin,GarageCars-2,GarageArea-538,GarageQual-TA,WoodDeckSF-269,OpenPorchSF-111,EnclosedPorch-0,Fence-MnPrv,MiscFeature-NA,MiscVal-0,MoSold-7,YrSold-2009,SaleType-WD,SaleCondition-Normal,SalePrice-345000,gt_300000
MSSubClass-20,MSZoning-FV,LotFrontage-85,LotShape-Reg,LotConfig-Inside,Neighborhood-Somerst,Condition1-Norm,BldgType-1Fam,HouseStyle-1Story,OverallQual-9,OverallCond-5,YearBuilt-2009,YearRemodAdd-2009,RoofStyle-Gable,Exterior1st-CemntBd,Exterior2nd-CmentBd,MasVnrType-Stone,MasVnrArea-162,ExterQual-Ex,ExterCond-TA,Foundation-PConc,BsmtQual-Ex,BsmtCond-TA,BsmtExposure-Mn,BsmtFinType1-GLQ,BsmtFinSF1-1121,BsmtFinType2-Unf,BsmtFinSF2-0,BsmtUnfSF-645,TotalBsmtSF-1766,HeatingQC-Ex,CentralAir-Y,Electrical-SBrkr,GrLivArea-1766,BsmtFullBath-1,BsmtHalfBath-0,FullBath-2,HalfBath-1,BedroomAbvGr-2,KitchenQual-Ex,TotRmsAbvGrd-7,Functional-Typ,Fireplaces-1,FireplaceQu-Gd,GarageType-Attchd,GarageYrBlt-2009,GarageFinish-Fin,GarageCars-3,GarageArea-478,GarageQual-TA,WoodDeckSF-195,OpenPorchSF-130,EnclosedPorch-0,Fence-NA,MiscFeature-NA,MiscVal-0,MoSold-10,YrSold-2009,SaleType-New,SaleCondition-Partial,SalePrice-370878,gt_300000
MSSubClass-20,MSZoning-RL,LotFrontage-91,LotShape-IR1,LotConfig-Inside,Neighborhood-NoRidge,Condition1-Norm,BldgType-1Fam,HouseStyle-1Story,OverallQual-8,OverallCond-6,YearBuilt-1995,YearRemodAdd-1995,RoofStyle-Hip,Exterior1st-MetalSd,Exterior2nd-MetalSd,MasVnrType-BrkFace,MasVnrArea-660,ExterQual-Gd,ExterCond-Gd,Foundation-PConc,BsmtQual-Gd,BsmtCond-TA,BsmtExposure-Gd,BsmtFinType1-GLQ,BsmtFinSF1-1696,BsmtFinType2-Unf,BsmtFinSF2-0,BsmtUnfSF-413,TotalBsmtSF-2109,HeatingQC-Ex,CentralAir-Y,Electrical-SBrkr,GrLivArea-2113,BsmtFullBath-1,BsmtHalfBath-0,FullBath-2,HalfBath-1,BedroomAbvGr-2,KitchenQual-Gd,TotRmsAbvGrd-7,Functional-Typ,Fireplaces-1,FireplaceQu-TA,GarageType-Attchd,GarageYrBlt-1995,GarageFinish-Fin,GarageCars-3,GarageArea-839,GarageQual-TA,WoodDeckSF-236,OpenPorchSF-46,EnclosedPorch-0,Fence-NA,MiscFeature-NA,MiscVal-0,MoSold-8,YrSold-2008,SaleType-WD,SaleCondition-Normal,SalePrice-350000,gt_300000
MSSubClass-20,MSZoning-RL,LotFrontage-80,LotShape-IR1,LotConfig-Inside,Neighborhood-StoneBr,Condition1-Norm,BldgType-1Fam,HouseStyle-1Story,OverallQual-8,OverallCond-5,YearBuilt-2008,YearRemodAdd-2008,RoofStyle-Hip,Exterior1st-VinylSd,Exterior2nd-VinylSd,MasVnrType-Stone,MasVnrArea-464,ExterQual-Gd,ExterCond-TA,Foundation-PConc,BsmtQual-Ex,BsmtCond-TA,BsmtExposure-Mn,BsmtFinType1-Unf,BsmtFinSF1-0,BsmtFinType2-Unf,BsmtFinSF2-0,BsmtUnfSF-2046,TotalBsmtSF-2046,HeatingQC-Ex,CentralAir-Y,Electrical-SBrkr,GrLivArea-2046,BsmtFullBath-0,BsmtHalfBath-0,FullBath-2,HalfBath-1,BedroomAbvGr-3,KitchenQual-Gd,TotRmsAbvGrd-7,Functional-Typ,Fireplaces-1,FireplaceQu-Gd,GarageType-Attchd,GarageYrBlt-2008,GarageFinish-Fin,GarageCars-3,GarageArea-834,GarageQual-TA,WoodDeckSF-322,OpenPorchSF-82,EnclosedPorch-0,Fence-NA,MiscFeature-NA,MiscVal-0,MoSold-7,YrSold-2009,SaleType-New,SaleCondition-Partial,SalePrice-372500,gt_300000
MSSubClass-20,MSZoning-RL,LotFrontage-60,LotShape-Reg,LotConfig-Inside,Neighborhood-StoneBr,Condition1-Norm,BldgType-1Fam,HouseStyle-1Story,OverallQual-8,OverallCond-6,YearBuilt-2007,YearRemodAdd-2007,RoofStyle-Gable,Exterior1st-MetalSd,Exterior2nd-MetalSd,MasVnrType-BrkFace,MasVnrArea-0,ExterQual-Gd,ExterCond-TA,Foundation-PConc,BsmtQual-Gd,BsmtCond-TA,BsmtExposure-Av,BsmtFinType1-GLQ,BsmtFinSF1-945,BsmtFinType2-Unf,BsmtFinSF2-0,BsmtUnfSF-474,TotalBsmtSF-1419,HeatingQC-Ex,CentralAir-Y,Electrical-SBrkr,GrLivArea-1419,BsmtFullBath-1,BsmtHalfBath-0,FullBath-2,HalfBath-0,BedroomAbvGr-2,KitchenQual-Gd,TotRmsAbvGrd-7,Functional-Typ,Fireplaces-1,FireplaceQu-Gd,GarageType-Attchd,GarageYrBlt-2007,GarageFinish-RFn,GarageCars-2,GarageArea-567,GarageQual-TA,WoodDeckSF-140,OpenPorchSF-0,EnclosedPorch-0,Fence-NA,MiscFeature-NA,MiscVal-0,MoSold-10,YrSold-2007,SaleType-New,SaleCondition-Partial,SalePrice-392000,gt_300000
MSSubClass-60,MSZoning-RL,LotFrontage-42,LotShape-IR1,LotConfig-Inside,Neighborhood-Timber,Condition1-Norm,BldgType-1Fam,HouseStyle-2Story,OverallQual-7,OverallCond-5,YearBuilt-1989,YearRemodAdd-1990,RoofStyle-Hip,Exterior1st-MetalSd,Exterior2nd-MetalSd,MasVnrType-BrkFace,MasVnrArea-293,ExterQual-Gd,ExterCond-TA,Foundation-PConc,BsmtQual-Gd,BsmtCond-TA,BsmtExposure-Gd,BsmtFinType1-GLQ,BsmtFinSF1-965,BsmtFinType2-Unf,BsmtFinSF2-0,BsmtUnfSF-245,TotalBsmtSF-1210,HeatingQC-Ex,CentralAir-Y,Electrical-SBrkr,GrLivArea-2519,BsmtFullBath-1,BsmtHalfBath-0,FullBath-2,HalfBath-1,BedroomAbvGr-4,KitchenQual-Gd,TotRmsAbvGrd-9,Functional-Typ,Fireplaces-2,FireplaceQu-Gd,GarageType-Attchd,GarageYrBlt-1989,GarageFinish-RFn,GarageCars-2,GarageArea-628,GarageQual-TA,WoodDeckSF-320,OpenPorchSF-27,EnclosedPorch-0,Fence-NA,MiscFeature-NA,MiscVal-0,MoSold-4,YrSold-2006,SaleType-WD,SaleCondition-Normal,SalePrice-335000,gt_300000
MSSubClass-20,MSZoning-RL,LotFrontage-85,LotShape-Reg,LotConfig-Inside,Neighborhood-Timber,Condition1-Norm,BldgType-1Fam,HouseStyle-1Story,OverallQual-8,OverallCond-5,YearBuilt-2002,YearRemodAdd-2002,RoofStyle-Hip,Exterior1st-VinylSd,Exterior2nd-VinylSd,MasVnrType-BrkFace,MasVnrArea-630,ExterQual-Gd,ExterCond-TA,Foundation-PConc,BsmtQual-Ex,BsmtCond-TA,BsmtExposure-Gd,BsmtFinType1-GLQ,BsmtFinSF1-1274,BsmtFinType2-Unf,BsmtFinSF2-0,BsmtUnfSF-526,TotalBsmtSF-1800,HeatingQC-Ex,CentralAir-Y,Electrical-SBrkr,GrLivArea-1800,BsmtFullBath-1,BsmtHalfBath-0,FullBath-2,HalfBath-0,BedroomAbvGr-3,KitchenQual-Gd,TotRmsAbvGrd-7,Functional-Typ,Fireplaces-1,FireplaceQu-Gd,GarageType-Attchd,GarageYrBlt-2002,GarageFinish-Fin,GarageCars-3,GarageArea-765,GarageQual-TA,WoodDeckSF-270,OpenPorchSF-78,EnclosedPorch-0,Fence-NA,MiscFeature-NA,MiscVal-0,MoSold-5,YrSold-2006,SaleType-WD,SaleCondition-Normal,SalePrice-312500,gt_300000
MSSubClass-60,MSZoning-RL,LotFrontage-82,LotShape-IR1,LotConfig-Inside,Neighborhood-StoneBr,Condition1-Norm,BldgType-1Fam,HouseStyle-2Story,OverallQual-8,OverallCond-5,YearBuilt-2006,YearRemodAdd-2006,RoofStyle-Hip,Exterior1st-VinylSd,Exterior2nd-VinylSd,MasVnrType-BrkFace,MasVnrArea-466,ExterQual-Ex,ExterCond-TA,Foundation-PConc,BsmtQual-Ex,BsmtCond-Gd,BsmtExposure-No,BsmtFinType1-Unf,BsmtFinSF1-0,BsmtFinType2-Unf,BsmtFinSF2-0,BsmtUnfSF-1234,TotalBsmtSF-1234,HeatingQC-Ex,CentralAir-Y,Electrical-SBrkr,GrLivArea-2576,BsmtFullBath-0,BsmtHalfBath-0,FullBath-2,HalfBath-1,BedroomAbvGr-4,KitchenQual-Ex,TotRmsAbvGrd-10,Functional-Typ,Fireplaces-1,FireplaceQu-Gd,GarageType-BuiltIn,GarageYrBlt-2006,GarageFinish-Fin,GarageCars-3,GarageArea-666,GarageQual-TA,WoodDeckSF-324,OpenPorchSF-100,EnclosedPorch-0,Fence-NA,MiscFeature-NA,MiscVal-0,MoSold-7,YrSold-2006,SaleType-New,SaleCondition-Partial,SalePrice-361919,gt_300000
MSSubClass-20,MSZoning-RL,LotFrontage-NA,LotShape-IR2,LotConfig-CulDSac,Neighborhood-ClearCr,Condition1-Norm,BldgType-1Fam,HouseStyle-1Story,OverallQual-7,OverallCond-5,YearBuilt-1971,YearRemodAdd-2002,RoofStyle-Gable,Exterior1st-Plywood,Exterior2nd-Plywood,MasVnrType-Stone,MasVnrArea-351,ExterQual-TA,ExterCond-TA,Foundation-CBlock,BsmtQual-Gd,BsmtCond-TA,BsmtExposure-Gd,BsmtFinType1-GLQ,BsmtFinSF1-1219,BsmtFinType2-Unf,BsmtFinSF2-0,BsmtUnfSF-424,TotalBsmtSF-1643,HeatingQC-TA,CentralAir-Y,Electrical-SBrkr,GrLivArea-1824,BsmtFullBath-1,BsmtHalfBath-0,FullBath-2,HalfBath-0,BedroomAbvGr-2,KitchenQual-Gd,TotRmsAbvGrd-5,Functional-Typ,Fireplaces-2,FireplaceQu-TA,GarageType-Attchd,GarageYrBlt-1971,GarageFinish-Unf,GarageCars-2,GarageArea-739,GarageQual-TA,WoodDeckSF-380,OpenPorchSF-48,EnclosedPorch-0,Fence-NA,MiscFeature-NA,MiscVal-0,MoSold-6,YrSold-2007,SaleType-WD,SaleCondition-Normal,SalePrice-302000,gt_300000
MSSubClass-60,MSZoning-RL,LotFrontage-96,LotShape-Reg,LotConfig-Inside,Neighborhood-NoRidge,Condition1-Norm,BldgType-1Fam,HouseStyle-2Story,OverallQual-7,OverallCond-5,YearBuilt-1993,YearRemodAdd-1994,RoofStyle-Hip,Exterior1st-Wd Sdng,Exterior2nd-ImStucc,MasVnrType-BrkFace,MasVnrArea-651,ExterQual-Gd,ExterCond-TA,Foundation-PConc,BsmtQual-Gd,BsmtCond-TA,BsmtExposure-Gd,BsmtFinType1-GLQ,BsmtFinSF1-1173,BsmtFinType2-Unf,BsmtFinSF2-0,BsmtUnfSF-138,TotalBsmtSF-1311,HeatingQC-Ex,CentralAir-Y,Electrical-SBrkr,GrLivArea-2418,BsmtFullBath-1,BsmtHalfBath-0,FullBath-2,HalfBath-1,BedroomAbvGr-3,KitchenQual-Gd,TotRmsAbvGrd-9,Functional-Typ,Fireplaces-1,FireplaceQu-TA,GarageType-Attchd,GarageYrBlt-1993,GarageFinish-RFn,GarageCars-3,GarageArea-983,GarageQual-TA,WoodDeckSF-250,OpenPorchSF-154,EnclosedPorch-216,Fence-NA,MiscFeature-NA,MiscVal-0,MoSold-8,YrSold-2008,SaleType-WD,SaleCondition-Normal,SalePrice-341000,gt_300000
MSSubClass-20,MSZoning-RL,LotFrontage-86,LotShape-IR1,LotConfig-Inside,Neighborhood-Edwards,Condition1-Norm,BldgType-1Fam,HouseStyle-1Story,OverallQual-9,OverallCond-5,YearBuilt-2007,YearRemodAdd-2008,RoofStyle-Hip,Exterior1st-CemntBd,Exterior2nd-CmentBd,MasVnrType-Stone,MasVnrArea-340,ExterQual-Ex,ExterCond-TA,Foundation-PConc,BsmtQual-Ex,BsmtCond-TA,BsmtExposure-No,BsmtFinType1-GLQ,BsmtFinSF1-1234,BsmtFinType2-Unf,BsmtFinSF2-0,BsmtUnfSF-464,TotalBsmtSF-1698,HeatingQC-Ex,CentralAir-Y,Electrical-SBrkr,GrLivArea-1698,BsmtFullBath-1,BsmtHalfBath-0,FullBath-2,HalfBath-0,BedroomAbvGr-3,KitchenQual-Ex,TotRmsAbvGrd-8,Functional-Typ,Fireplaces-1,FireplaceQu-Gd,GarageType-Attchd,GarageYrBlt-2007,GarageFinish-Fin,GarageCars-3,GarageArea-768,GarageQual-TA,WoodDeckSF-327,OpenPorchSF-64,EnclosedPorch-0,Fence-NA,MiscFeature-NA,MiscVal-0,MoSold-2,YrSold-2009,SaleType-WD,SaleCondition-Normal,SalePrice-320000,gt_300000
MSSubClass-60,MSZoning-RL,LotFrontage-82,LotShape-Reg,LotConfig-Inside,Neighborhood-NoRidge,Condition1-Norm,BldgType-1Fam,HouseStyle-2Story,OverallQual-8,OverallCond-5,YearBuilt-1999,YearRemodAdd-1999,RoofStyle-Gable,Exterior1st-VinylSd,Exterior2nd-VinylSd,MasVnrType-BrkFace,MasVnrArea-673,ExterQual-Gd,ExterCond-TA,Foundation-PConc,BsmtQual-Gd,BsmtCond-TA,BsmtExposure-Mn,BsmtFinType1-GLQ,BsmtFinSF1-1163,BsmtFinType2-Unf,BsmtFinSF2-0,BsmtUnfSF-89,TotalBsmtSF-1252,HeatingQC-Ex,CentralAir-Y,Electrical-SBrkr,GrLivArea-2365,BsmtFullBath-1,BsmtHalfBath-0,FullBath-2,HalfBath-1,BedroomAbvGr-3,KitchenQual-Gd,TotRmsAbvGrd-8,Functional-Typ,Fireplaces-1,FireplaceQu-Gd,GarageType-Attchd,GarageYrBlt-1999,GarageFinish-RFn,GarageCars-3,GarageArea-856,GarageQual-TA,WoodDeckSF-0,OpenPorchSF-128,EnclosedPorch-0,Fence-NA,MiscFeature-NA,MiscVal-0,MoSold-7,YrSold-2009,SaleType-WD,SaleCondition-Normal,SalePrice-337000,gt_300000
MSSubClass-20,MSZoning-RL,LotFrontage-110,LotShape-Reg,LotConfig-Corner,Neighborhood-NridgHt,Condition1-Norm,BldgType-1Fam,HouseStyle-1Story,OverallQual-8,OverallCond-5,YearBuilt-2006,YearRemodAdd-2006,RoofStyle-Hip,Exterior1st-VinylSd,Exterior2nd-VinylSd,MasVnrType-BrkFace,MasVnrArea-375,ExterQual-Gd,ExterCond-TA,Foundation-PConc,BsmtQual-Gd,BsmtCond-TA,BsmtExposure-Av,BsmtFinType1-Unf,BsmtFinSF1-0,BsmtFinType2-Unf,BsmtFinSF2-0,BsmtUnfSF-1935,TotalBsmtSF-1935,HeatingQC-Gd,CentralAir-Y,Electrical-SBrkr,GrLivArea-1973,BsmtFullBath-0,BsmtHalfBath-0,FullBath-2,HalfBath-0,BedroomAbvGr-3,KitchenQual-Gd,TotRmsAbvGrd-9,Functional-Typ,Fireplaces-1,FireplaceQu-Gd,GarageType-Attchd,GarageYrBlt-2006,GarageFinish-Fin,GarageCars-3,GarageArea-895,GarageQual-TA,WoodDeckSF-315,OpenPorchSF-45,EnclosedPorch-0,Fence-NA,MiscFeature-NA,MiscVal-0,MoSold-7,YrSold-2007,SaleType-New,SaleCondition-Partial,SalePrice-395000,gt_300000
MSSubClass-20,MSZoning-RL,LotFrontage-114,LotShape-Reg,LotConfig-Inside,Neighborhood-NridgHt,Condition1-PosN,BldgType-1Fam,HouseStyle-1Story,OverallQual-10,OverallCond-5,YearBuilt-2007,YearRemodAdd-2008,RoofStyle-Hip,Exterior1st-CemntBd,Exterior2nd-CmentBd,MasVnrType-BrkFace,MasVnrArea-816,ExterQual-Ex,ExterCond-TA,Foundation-PConc,BsmtQual-Ex,BsmtCond-TA,BsmtExposure-Av,BsmtFinType1-GLQ,BsmtFinSF1-1636,BsmtFinType2-Unf,BsmtFinSF2-0,BsmtUnfSF-442,TotalBsmtSF-2078,HeatingQC-Ex,CentralAir-Y,Electrical-SBrkr,GrLivArea-2084,BsmtFullBath-1,BsmtHalfBath-0,FullBath-2,HalfBath-0,BedroomAbvGr-2,KitchenQual-Ex,TotRmsAbvGrd-7,Functional-Typ,Fireplaces-1,FireplaceQu-Gd,GarageType-Attchd,GarageYrBlt-2007,GarageFinish-Fin,GarageCars-3,GarageArea-1220,GarageQual-TA,WoodDeckSF-188,OpenPorchSF-45,EnclosedPorch-0,Fence-NA,MiscFeature-NA,MiscVal-0,MoSold-6,YrSold-2008,SaleType-New,SaleCondition-Partial,SalePrice-385000,gt_300000
MSSubClass-60,MSZoning-FV,LotFrontage-75,LotShape-Reg,LotConfig-Inside,Neighborhood-Somerst,Condition1-Norm,BldgType-1Fam,HouseStyle-2Story,OverallQual-8,OverallCond-5,YearBuilt-2007,YearRemodAdd-2007,RoofStyle-Gable,Exterior1st-CemntBd,Exterior2nd-CmentBd,MasVnrType-None,MasVnrArea-0,ExterQual-Gd,ExterCond-TA,Foundation-PConc,BsmtQual-Gd,BsmtCond-TA,BsmtExposure-Av,BsmtFinType1-GLQ,BsmtFinSF1-64,BsmtFinType2-Unf,BsmtFinSF2-0,BsmtUnfSF-1120,TotalBsmtSF-1184,HeatingQC-Ex,CentralAir-Y,Electrical-SBrkr,GrLivArea-2610,BsmtFullBath-0,BsmtHalfBath-0,FullBath-2,HalfBath-1,BedroomAbvGr-4,KitchenQual-Ex,TotRmsAbvGrd-11,Functional-Typ,Fireplaces-1,FireplaceQu-Gd,GarageType-BuiltIn,GarageYrBlt-2007,GarageFinish-Fin,GarageCars-2,GarageArea-550,GarageQual-TA,WoodDeckSF-208,OpenPorchSF-364,EnclosedPorch-0,Fence-NA,MiscFeature-NA,MiscVal-0,MoSold-8,YrSold-2007,SaleType-New,SaleCondition-Partial,SalePrice-303477,gt_300000
MSSubClass-60,MSZoning-RL,LotFrontage-74,LotShape-Reg,LotConfig-Inside,Neighborhood-NridgHt,Condition1-Norm,BldgType-1Fam,HouseStyle-2Story,OverallQual-9,OverallCond-5,YearBuilt-2004,YearRemodAdd-2005,RoofStyle-Hip,Exterior1st-VinylSd,Exterior2nd-VinylSd,MasVnrType-Stone,MasVnrArea-216,ExterQual-Gd,ExterCond-TA,Foundation-PConc,BsmtQual-Ex,BsmtCond-TA,BsmtExposure-No,BsmtFinType1-GLQ,BsmtFinSF1-1170,BsmtFinType2-Unf,BsmtFinSF2-0,BsmtUnfSF-292,TotalBsmtSF-1462,HeatingQC-Ex,CentralAir-Y,Electrical-SBrkr,GrLivArea-2224,BsmtFullBath-1,BsmtHalfBath-0,FullBath-2,HalfBath-1,BedroomAbvGr-4,KitchenQual-Ex,TotRmsAbvGrd-10,Functional-Typ,Fireplaces-1,FireplaceQu-Gd,GarageType-Attchd,GarageYrBlt-2004,GarageFinish-Fin,GarageCars-3,GarageArea-738,GarageQual-TA,WoodDeckSF-184,OpenPorchSF-0,EnclosedPorch-0,Fence-NA,MiscFeature-NA,MiscVal-0,MoSold-6,YrSold-2009,SaleType-WD,SaleCondition-Normal,SalePrice-350000,gt_300000
MSSubClass-120,MSZoning-FV,LotFrontage-50,LotShape-IR1,LotConfig-CulDSac,Neighborhood-Somerst,Condition1-Norm,BldgType-TwnhsE,HouseStyle-1Story,OverallQual-9,OverallCond-5,YearBuilt-1999,YearRemodAdd-2000,RoofStyle-Gable,Exterior1st-MetalSd,Exterior2nd-MetalSd,MasVnrType-BrkFace,MasVnrArea-60,ExterQual-Gd,ExterCond-TA,Foundation-PConc,BsmtQual-Ex,BsmtCond-TA,BsmtExposure-Av,BsmtFinType1-GLQ,BsmtFinSF1-1238,BsmtFinType2-Unf,BsmtFinSF2-0,BsmtUnfSF-460,TotalBsmtSF-1698,HeatingQC-Ex,CentralAir-Y,Electrical-SBrkr,GrLivArea-1709,BsmtFullBath-1,BsmtHalfBath-0,FullBath-2,HalfBath-0,BedroomAbvGr-2,KitchenQual-Gd,TotRmsAbvGrd-5,Functional-Typ,Fireplaces-1,FireplaceQu-TA,GarageType-Attchd,GarageYrBlt-1999,GarageFinish-Fin,GarageCars-2,GarageArea-506,GarageQual-TA,WoodDeckSF-97,OpenPorchSF-65,EnclosedPorch-0,Fence-NA,MiscFeature-NA,MiscVal-0,MoSold-1,YrSold-2008,SaleType-CWD,SaleCondition-Abnorml,SalePrice-328900,gt_300000
MSSubClass-20,MSZoning-RL,LotFrontage-84,LotShape-IR1,LotConfig-Corner,Neighborhood-Somerst,Condition1-RRNn,BldgType-1Fam,HouseStyle-1Story,OverallQual-9,OverallCond-5,YearBuilt-2006,YearRemodAdd-2006,RoofStyle-Hip,Exterior1st-VinylSd,Exterior2nd-ImStucc,MasVnrType-Stone,MasVnrArea-302,ExterQual-Ex,ExterCond-TA,Foundation-PConc,BsmtQual-Ex,BsmtCond-Gd,BsmtExposure-No,BsmtFinType1-Unf,BsmtFinSF1-0,BsmtFinType2-Unf,BsmtFinSF2-0,BsmtUnfSF-1905,TotalBsmtSF-1905,HeatingQC-Ex,CentralAir-Y,Electrical-SBrkr,GrLivArea-1905,BsmtFullBath-0,BsmtHalfBath-0,FullBath-2,HalfBath-0,BedroomAbvGr-3,KitchenQual-Ex,TotRmsAbvGrd-8,Functional-Typ,Fireplaces-1,FireplaceQu-Gd,GarageType-Attchd,GarageYrBlt-2006,GarageFinish-Fin,GarageCars-3,GarageArea-788,GarageQual-TA,WoodDeckSF-0,OpenPorchSF-191,EnclosedPorch-0,Fence-NA,MiscFeature-NA,MiscVal-0,MoSold-3,YrSold-2007,SaleType-WD,SaleCondition-Normal,SalePrice-320000,gt_300000
MSSubClass-60,MSZoning-RL,LotFrontage-98,LotShape-IR1,LotConfig-Corner,Neighborhood-NoRidge,Condition1-Norm,BldgType-1Fam,HouseStyle-2Story,OverallQual-8,OverallCond-5,YearBuilt-1998,YearRemodAdd-1999,RoofStyle-Hip,Exterior1st-VinylSd,Exterior2nd-VinylSd,MasVnrType-BrkFace,MasVnrArea-975,ExterQual-Gd,ExterCond-TA,Foundation-PConc,BsmtQual-Gd,BsmtCond-TA,BsmtExposure-No,BsmtFinType1-GLQ,BsmtFinSF1-854,BsmtFinType2-Unf,BsmtFinSF2-0,BsmtUnfSF-371,TotalBsmtSF-1225,HeatingQC-Ex,CentralAir-Y,Electrical-SBrkr,GrLivArea-2612,BsmtFullBath-1,BsmtHalfBath-0,FullBath-2,HalfBath-1,BedroomAbvGr-4,KitchenQual-Gd,TotRmsAbvGrd-8,Functional-Typ,Fireplaces-1,FireplaceQu-TA,GarageType-Attchd,GarageYrBlt-1998,GarageFinish-Fin,GarageCars-3,GarageArea-676,GarageQual-TA,WoodDeckSF-250,OpenPorchSF-0,EnclosedPorch-0,Fence-NA,MiscFeature-NA,MiscVal-0,MoSold-7,YrSold-2009,SaleType-WD,SaleCondition-Normal,SalePrice-336000,gt_300000
MSSubClass-20,MSZoning-RL,LotFrontage-83,LotShape-IR1,LotConfig-Inside,Neighborhood-NridgHt,Condition1-Norm,BldgType-1Fam,HouseStyle-1Story,OverallQual-9,OverallCond-5,YearBuilt-2009,YearRemodAdd-2010,RoofStyle-Hip,Exterior1st-VinylSd,Exterior2nd-VinylSd,MasVnrType-Stone,MasVnrArea-450,ExterQual-Ex,ExterCond-TA,Foundation-PConc,BsmtQual-Ex,BsmtCond-TA,BsmtExposure-Av,BsmtFinType1-GLQ,BsmtFinSF1-1646,BsmtFinType2-Unf,BsmtFinSF2-0,BsmtUnfSF-284,TotalBsmtSF-1930,HeatingQC-Ex,CentralAir-Y,Electrical-SBrkr,GrLivArea-1940,BsmtFullBath-1,BsmtHalfBath-0,FullBath-2,HalfBath-1,BedroomAbvGr-3,KitchenQual-Ex,TotRmsAbvGrd-8,Functional-Typ,Fireplaces-1,FireplaceQu-Gd,GarageType-Attchd,GarageYrBlt-2010,GarageFinish-Fin,GarageCars-3,GarageArea-606,GarageQual-TA,WoodDeckSF-168,OpenPorchSF-95,EnclosedPorch-0,Fence-NA,MiscFeature-NA,MiscVal-0,MoSold-4,YrSold-2010,SaleType-New,SaleCondition-Partial,SalePrice-395192,gt_300000
MSSubClass-60,MSZoning-RL,LotFrontage-82,LotShape-Reg,LotConfig-Inside,Neighborhood-NoRidge,Condition1-Norm,BldgType-1Fam,HouseStyle-2Story,OverallQual-8,OverallCond-5,YearBuilt-1997,YearRemodAdd-1998,RoofStyle-Gable,Exterior1st-VinylSd,Exterior2nd-VinylSd,MasVnrType-BrkFace,MasVnrArea-423,ExterQual-Gd,ExterCond-TA,Foundation-PConc,BsmtQual-Gd,BsmtCond-TA,BsmtExposure-No,BsmtFinType1-GLQ,BsmtFinSF1-1074,BsmtFinType2-Unf,BsmtFinSF2-0,BsmtUnfSF-322,TotalBsmtSF-1396,HeatingQC-Ex,CentralAir-Y,Electrical-SBrkr,GrLivArea-2392,BsmtFullBath-1,BsmtHalfBath-0,FullBath-2,HalfBath-1,BedroomAbvGr-3,KitchenQual-Gd,TotRmsAbvGrd-7,Functional-Typ,Fireplaces-1,FireplaceQu-TA,GarageType-Attchd,GarageYrBlt-1997,GarageFinish-Fin,GarageCars-3,GarageArea-870,GarageQual-TA,WoodDeckSF-0,OpenPorchSF-70,EnclosedPorch-0,Fence-NA,MiscFeature-NA,MiscVal-0,MoSold-6,YrSold-2006,SaleType-WD,SaleCondition-Normal,SalePrice-348000,gt_300000
MSSubClass-20,MSZoning-RL,LotFrontage-96,LotShape-Reg,LotConfig-FR2,Neighborhood-NridgHt,Condition1-Norm,BldgType-1Fam,HouseStyle-1Story,OverallQual-10,OverallCond-5,YearBuilt-2006,YearRemodAdd-2007,RoofStyle-Hip,Exterior1st-CemntBd,Exterior2nd-CmentBd,MasVnrType-Stone,MasVnrArea-230,ExterQual-Ex,ExterCond-TA,Foundation-PConc,BsmtQual-Ex,BsmtCond-TA,BsmtExposure-Gd,BsmtFinType1-GLQ,BsmtFinSF1-1172,BsmtFinType2-Unf,BsmtFinSF2-0,BsmtUnfSF-528,TotalBsmtSF-1700,HeatingQC-Ex,CentralAir-Y,Electrical-SBrkr,GrLivArea-1718,BsmtFullBath-1,BsmtHalfBath-0,FullBath-2,HalfBath-0,BedroomAbvGr-3,KitchenQual-Ex,TotRmsAbvGrd-7,Functional-Typ,Fireplaces-1,FireplaceQu-Gd,GarageType-Attchd,GarageYrBlt-2008,GarageFinish-Fin,GarageCars-3,GarageArea-786,GarageQual-TA,WoodDeckSF-216,OpenPorchSF-48,EnclosedPorch-0,Fence-NA,MiscFeature-NA,MiscVal-0,MoSold-7,YrSold-2009,SaleType-WD,SaleCondition-Normal,SalePrice-337500,gt_300000
MSSubClass-60,MSZoning-RL,LotFrontage-NA,LotShape-IR1,LotConfig-Corner,Neighborhood-NoRidge,Condition1-Norm,BldgType-1Fam,HouseStyle-2Story,OverallQual-8,OverallCond-7,YearBuilt-1993,YearRemodAdd-1993,RoofStyle-Gable,Exterior1st-MetalSd,Exterior2nd-MetalSd,MasVnrType-None,MasVnrArea-0,ExterQual-Gd,ExterCond-Gd,Foundation-PConc,BsmtQual-Gd,BsmtCond-Gd,BsmtExposure-No,BsmtFinType1-GLQ,BsmtFinSF1-1012,BsmtFinType2-Unf,BsmtFinSF2-0,BsmtUnfSF-326,TotalBsmtSF-1338,HeatingQC-Ex,CentralAir-Y,Electrical-SBrkr,GrLivArea-2520,BsmtFullBath-1,BsmtHalfBath-0,FullBath-2,HalfBath-1,BedroomAbvGr-5,KitchenQual-Gd,TotRmsAbvGrd-10,Functional-Typ,Fireplaces-1,FireplaceQu-TA,GarageType-Attchd,GarageYrBlt-1993,GarageFinish-RFn,GarageCars-3,GarageArea-796,GarageQual-TA,WoodDeckSF-209,OpenPorchSF-55,EnclosedPorch-0,Fence-NA,MiscFeature-NA,MiscVal-0,MoSold-11,YrSold-2006,SaleType-WD,SaleCondition-Abnorml,SalePrice-310000,gt_300000
MSSubClass-20,MSZoning-RL,LotFrontage-89,LotShape-IR1,LotConfig-Inside,Neighborhood-Timber,Condition1-Norm,BldgType-1Fam,HouseStyle-1Story,OverallQual-9,OverallCond-5,YearBuilt-2007,YearRemodAdd-2008,RoofStyle-Hip,Exterior1st-VinylSd,Exterior2nd-VinylSd,MasVnrType-Stone,MasVnrArea-70,ExterQual-Gd,ExterCond-TA,Foundation-PConc,BsmtQual-Ex,BsmtCond-TA,BsmtExposure-Gd,BsmtFinType1-GLQ,BsmtFinSF1-1022,BsmtFinType2-Unf,BsmtFinSF2-0,BsmtUnfSF-598,TotalBsmtSF-1620,HeatingQC-Ex,CentralAir-Y,Electrical-SBrkr,GrLivArea-1620,BsmtFullBath-1,BsmtHalfBath-0,FullBath-2,HalfBath-0,BedroomAbvGr-2,KitchenQual-Ex,TotRmsAbvGrd-6,Functional-Typ,Fireplaces-1,FireplaceQu-Ex,GarageType-Attchd,GarageYrBlt-2008,GarageFinish-Fin,GarageCars-3,GarageArea-912,GarageQual-TA,WoodDeckSF-228,OpenPorchSF-0,EnclosedPorch-0,Fence-NA,MiscFeature-NA,MiscVal-0,MoSold-9,YrSold-2009,SaleType-WD,SaleCondition-Normal,SalePrice-315500,gt_300000
MSSubClass-60,MSZoning-RL,LotFrontage-96,LotShape-IR1,LotConfig-Inside,Neighborhood-NridgHt,Condition1-Norm,BldgType-1Fam,HouseStyle-2Story,OverallQual-9,OverallCond-5,YearBuilt-2008,YearRemodAdd-2008,RoofStyle-Gable,Exterior1st-VinylSd,Exterior2nd-VinylSd,MasVnrType-Stone,MasVnrArea-154,ExterQual-Ex,ExterCond-TA,Foundation-PConc,BsmtQual-Ex,BsmtCond-TA,BsmtExposure-Av,BsmtFinType1-GLQ,BsmtFinSF1-936,BsmtFinType2-Unf,BsmtFinSF2-0,BsmtUnfSF-168,TotalBsmtSF-1104,HeatingQC-Ex,CentralAir-Y,Electrical-SBrkr,GrLivArea-2184,BsmtFullBath-1,BsmtHalfBath-0,FullBath-2,HalfBath-1,BedroomAbvGr-3,KitchenQual-Ex,TotRmsAbvGrd-10,Functional-Typ,Fireplaces-1,FireplaceQu-Gd,GarageType-Attchd,GarageYrBlt-2008,GarageFinish-Fin,GarageCars-3,GarageArea-836,GarageQual-TA,WoodDeckSF-0,OpenPorchSF-102,EnclosedPorch-0,Fence-NA,MiscFeature-NA,MiscVal-0,MoSold-7,YrSold-2009,SaleType-WD,SaleCondition-Normal,SalePrice-335000,gt_300000
MSSubClass-60,MSZoning-RL,LotFrontage-80,LotShape-Reg,LotConfig-Inside,Neighborhood-ClearCr,Condition1-Norm,BldgType-1Fam,HouseStyle-2Story,OverallQual-7,OverallCond-5,YearBuilt-1996,YearRemodAdd-1997,RoofStyle-Gable,Exterior1st-Wd Sdng,Exterior2nd-Wd Sdng,MasVnrType-None,MasVnrArea-0,ExterQual-Gd,ExterCond-TA,Foundation-PConc,BsmtQual-Ex,BsmtCond-TA,BsmtExposure-Gd,BsmtFinType1-GLQ,BsmtFinSF1-1201,BsmtFinType2-Unf,BsmtFinSF2-0,BsmtUnfSF-105,TotalBsmtSF-1306,HeatingQC-Ex,CentralAir-Y,Electrical-SBrkr,GrLivArea-2260,BsmtFullBath-1,BsmtHalfBath-0,FullBath-2,HalfBath-1,BedroomAbvGr-3,KitchenQual-Gd,TotRmsAbvGrd-7,Functional-Typ,Fireplaces-0,FireplaceQu-NA,GarageType-Attchd,GarageYrBlt-1996,GarageFinish-RFn,GarageCars-2,GarageArea-533,GarageQual-TA,WoodDeckSF-296,OpenPorchSF-44,EnclosedPorch-0,Fence-NA,MiscFeature-NA,MiscVal-0,MoSold-4,YrSold-2010,SaleType-WD,SaleCondition-Normal,SalePrice-328000,gt_300000
MSSubClass-60,MSZoning-RL,LotFrontage-98,LotShape-IR1,LotConfig-Corner,Neighborhood-NoRidge,Condition1-Norm,BldgType-1Fam,HouseStyle-2Story,OverallQual-8,OverallCond-5,YearBuilt-1994,YearRemodAdd-1995,RoofStyle-Gable,Exterior1st-HdBoard,Exterior2nd-HdBoard,MasVnrType-BrkFace,MasVnrArea-362,ExterQual-Gd,ExterCond-TA,Foundation-PConc,BsmtQual-Ex,BsmtCond-TA,BsmtExposure-Av,BsmtFinType1-GLQ,BsmtFinSF1-1032,BsmtFinType2-Unf,BsmtFinSF2-0,BsmtUnfSF-431,TotalBsmtSF-1463,HeatingQC-Ex,CentralAir-Y,Electrical-SBrkr,GrLivArea-2622,BsmtFullBath-1,BsmtHalfBath-0,FullBath-2,HalfBath-1,BedroomAbvGr-3,KitchenQual-Gd,TotRmsAbvGrd-9,Functional-Typ,Fireplaces-2,FireplaceQu-TA,GarageType-Attchd,GarageYrBlt-1994,GarageFinish-RFn,GarageCars-2,GarageArea-712,GarageQual-TA,WoodDeckSF-186,OpenPorchSF-32,EnclosedPorch-0,Fence-NA,MiscFeature-NA,MiscVal-0,MoSold-4,YrSold-2010,SaleType-WD,SaleCondition-Normal,SalePrice-325000,gt_300000
MSSubClass-20,MSZoning-RL,LotFrontage-93,LotShape-Reg,LotConfig-Inside,Neighborhood-NridgHt,Condition1-Norm,BldgType-1Fam,HouseStyle-1Story,OverallQual-8,OverallCond-5,YearBuilt-2007,YearRemodAdd-2007,RoofStyle-Hip,Exterior1st-VinylSd,Exterior2nd-VinylSd,MasVnrType-Stone,MasVnrArea-328,ExterQual-Gd,ExterCond-TA,Foundation-PConc,BsmtQual-Ex,BsmtCond-TA,BsmtExposure-No,BsmtFinType1-GLQ,BsmtFinSF1-1004,BsmtFinType2-Unf,BsmtFinSF2-0,BsmtUnfSF-730,TotalBsmtSF-1734,HeatingQC-Ex,CentralAir-Y,Electrical-SBrkr,GrLivArea-1734,BsmtFullBath-1,BsmtHalfBath-0,FullBath-2,HalfBath-0,BedroomAbvGr-3,KitchenQual-Ex,TotRmsAbvGrd-7,Functional-Typ,Fireplaces-1,FireplaceQu-Gd,GarageType-Attchd,GarageYrBlt-2007,GarageFinish-RFn,GarageCars-3,GarageArea-928,GarageQual-TA,WoodDeckSF-0,OpenPorchSF-0,EnclosedPorch-0,Fence-NA,MiscFeature-NA,MiscVal-0,MoSold-11,YrSold-2007,SaleType-New,SaleCondition-Partial,SalePrice-318000,gt_300000
MSSubClass-120,MSZoning-RM,LotFrontage-64,LotShape-IR1,LotConfig-Inside,Neighborhood-Crawfor,Condition1-Norm,BldgType-TwnhsE,HouseStyle-1Story,OverallQual-8,OverallCond-5,YearBuilt-2008,YearRemodAdd-2008,RoofStyle-Hip,Exterior1st-CemntBd,Exterior2nd-CmentBd,MasVnrType-Stone,MasVnrArea-186,ExterQual-Ex,ExterCond-TA,Foundation-PConc,BsmtQual-Ex,BsmtCond-TA,BsmtExposure-Gd,BsmtFinType1-GLQ,BsmtFinSF1-1480,BsmtFinType2-Unf,BsmtFinSF2-0,BsmtUnfSF-120,TotalBsmtSF-1600,HeatingQC-Ex,CentralAir-Y,Electrical-SBrkr,GrLivArea-1652,BsmtFullBath-1,BsmtHalfBath-1,FullBath-2,HalfBath-0,BedroomAbvGr-2,KitchenQual-Gd,TotRmsAbvGrd-5,Functional-Typ,Fireplaces-1,FireplaceQu-Gd,GarageType-Attchd,GarageYrBlt-2008,GarageFinish-Fin,GarageCars-2,GarageArea-482,GarageQual-TA,WoodDeckSF-162,OpenPorchSF-53,EnclosedPorch-0,Fence-NA,MiscFeature-NA,MiscVal-0,MoSold-11,YrSold-2008,SaleType-New,SaleCondition-Partial,SalePrice-392500,gt_300000
MSSubClass-120,MSZoning-RL,LotFrontage-65,LotShape-Reg,LotConfig-Corner,Neighborhood-NridgHt,Condition1-Norm,BldgType-TwnhsE,HouseStyle-1Story,OverallQual-9,OverallCond-5,YearBuilt-2008,YearRemodAdd-2008,RoofStyle-Hip,Exterior1st-MetalSd,Exterior2nd-MetalSd,MasVnrType-BrkFace,MasVnrArea-766,ExterQual-Ex,ExterCond-TA,Foundation-PConc,BsmtQual-Ex,BsmtCond-TA,BsmtExposure-No,BsmtFinType1-GLQ,BsmtFinSF1-1540,BsmtFinType2-Unf,BsmtFinSF2-0,BsmtUnfSF-162,TotalBsmtSF-1702,HeatingQC-Ex,CentralAir-Y,Electrical-SBrkr,GrLivArea-1702,BsmtFullBath-1,BsmtHalfBath-0,FullBath-1,HalfBath-1,BedroomAbvGr-1,KitchenQual-Ex,TotRmsAbvGrd-7,Functional-Typ,Fireplaces-1,FireplaceQu-Gd,GarageType-Attchd,GarageYrBlt-2008,GarageFinish-Fin,GarageCars-3,GarageArea-1052,GarageQual-TA,WoodDeckSF-0,OpenPorchSF-72,EnclosedPorch-0,Fence-NA,MiscFeature-NA,MiscVal-0,MoSold-10,YrSold-2008,SaleType-New,SaleCondition-Partial,SalePrice-367294,gt_300000
MSSubClass-20,MSZoning-RL,LotFrontage-91,LotShape-IR1,LotConfig-Corner,Neighborhood-NoRidge,Condition1-Norm,BldgType-1Fam,HouseStyle-1Story,OverallQual-8,OverallCond-5,YearBuilt-1994,YearRemodAdd-1994,RoofStyle-Hip,Exterior1st-HdBoard,Exterior2nd-HdBoard,MasVnrType-BrkFace,MasVnrArea-554,ExterQual-Gd,ExterCond-TA,Foundation-PConc,BsmtQual-Gd,BsmtCond-TA,BsmtExposure-Gd,BsmtFinType1-GLQ,BsmtFinSF1-1314,BsmtFinType2-Unf,BsmtFinSF2-0,BsmtUnfSF-672,TotalBsmtSF-1986,HeatingQC-Ex,CentralAir-Y,Electrical-SBrkr,GrLivArea-1987,BsmtFullBath-1,BsmtHalfBath-0,FullBath-2,HalfBath-0,BedroomAbvGr-2,KitchenQual-Gd,TotRmsAbvGrd-7,Functional-Typ,Fireplaces-1,FireplaceQu-TA,GarageType-Attchd,GarageYrBlt-1994,GarageFinish-Fin,GarageCars-2,GarageArea-691,GarageQual-TA,WoodDeckSF-262,OpenPorchSF-36,EnclosedPorch-0,Fence-NA,MiscFeature-NA,MiscVal-0,MoSold-8,YrSold-2008,SaleType-WD,SaleCondition-Normal,SalePrice-301500,gt_300000
MSSubClass-20,MSZoning-RL,LotFrontage-89,LotShape-IR1,LotConfig-Inside,Neighborhood-Timber,Condition1-Norm,BldgType-1Fam,HouseStyle-1Story,OverallQual-9,OverallCond-5,YearBuilt-2008,YearRemodAdd-2009,RoofStyle-Hip,Exterior1st-Stucco,Exterior2nd-CmentBd,MasVnrType-None,MasVnrArea-0,ExterQual-Ex,ExterCond-TA,Foundation-PConc,BsmtQual-Ex,BsmtCond-TA,BsmtExposure-Gd,BsmtFinType1-Unf,BsmtFinSF1-0,BsmtFinType2-Unf,BsmtFinSF2-0,BsmtUnfSF-2002,TotalBsmtSF-2002,HeatingQC-Ex,CentralAir-Y,Electrical-SBrkr,GrLivArea-2018,BsmtFullBath-0,BsmtHalfBath-0,FullBath-2,HalfBath-0,BedroomAbvGr-3,KitchenQual-Ex,TotRmsAbvGrd-10,Functional-Typ,Fireplaces-1,FireplaceQu-Gd,GarageType-Attchd,GarageYrBlt-2009,GarageFinish-Fin,GarageCars-3,GarageArea-746,GarageQual-TA,WoodDeckSF-144,OpenPorchSF-76,EnclosedPorch-0,Fence-NA,MiscFeature-NA,MiscVal-0,MoSold-5,YrSold-2010,SaleType-WD,SaleCondition-Normal,SalePrice-378500,gt_300000
MSSubClass-50,MSZoning-RL,LotFrontage-NA,LotShape-IR1,LotConfig-Inside,Neighborhood-Crawfor,Condition1-Norm,BldgType-1Fam,HouseStyle-1.5Fin,OverallQual-8,OverallCond-9,YearBuilt-1935,YearRemodAdd-1997,RoofStyle-Gable,Exterior1st-Stucco,Exterior2nd-Stucco,MasVnrType-BrkFace,MasVnrArea-632,ExterQual-TA,ExterCond-Gd,Foundation-CBlock,BsmtQual-TA,BsmtCond-TA,BsmtExposure-Mn,BsmtFinType1-Rec,BsmtFinSF1-192,BsmtFinType2-Unf,BsmtFinSF2-0,BsmtUnfSF-536,TotalBsmtSF-728,HeatingQC-Ex,CentralAir-Y,Electrical-SBrkr,GrLivArea-3447,BsmtFullBath-0,BsmtHalfBath-0,FullBath-3,HalfBath-1,BedroomAbvGr-4,KitchenQual-Gd,TotRmsAbvGrd-11,Functional-Typ,Fireplaces-2,FireplaceQu-Gd,GarageType-BuiltIn,GarageYrBlt-1982,GarageFinish-Unf,GarageCars-3,GarageArea-1014,GarageQual-TA,WoodDeckSF-314,OpenPorchSF-12,EnclosedPorch-0,Fence-GdWo,MiscFeature-NA,MiscVal-0,MoSold-5,YrSold-2008,SaleType-WD,SaleCondition-Normal,SalePrice-381000,gt_300000
MSSubClass-20,MSZoning-RL,LotFrontage-108,LotShape-IR1,LotConfig-Corner,Neighborhood-NridgHt,Condition1-Norm,BldgType-1Fam,HouseStyle-1Story,OverallQual-9,OverallCond-5,YearBuilt-2006,YearRemodAdd-2007,RoofStyle-Hip,Exterior1st-VinylSd,Exterior2nd-VinylSd,MasVnrType-Stone,MasVnrArea-300,ExterQual-Gd,ExterCond-TA,Foundation-PConc,BsmtQual-Ex,BsmtCond-TA,BsmtExposure-No,BsmtFinType1-GLQ,BsmtFinSF1-1572,BsmtFinType2-Unf,BsmtFinSF2-0,BsmtUnfSF-80,TotalBsmtSF-1652,HeatingQC-Ex,CentralAir-Y,Electrical-SBrkr,GrLivArea-1652,BsmtFullBath-1,BsmtHalfBath-0,FullBath-2,HalfBath-0,BedroomAbvGr-2,KitchenQual-Ex,TotRmsAbvGrd-6,Functional-Typ,Fireplaces-2,FireplaceQu-Ex,GarageType-Attchd,GarageYrBlt-2006,GarageFinish-Fin,GarageCars-2,GarageArea-840,GarageQual-TA,WoodDeckSF-404,OpenPorchSF-102,EnclosedPorch-0,Fence-NA,MiscFeature-NA,MiscVal-0,MoSold-11,YrSold-2009,SaleType-WD,SaleCondition-Normal,SalePrice-325000,gt_300000
MSSubClass-20,MSZoning-RL,LotFrontage-100,LotShape-Reg,LotConfig-Inside,Neighborhood-Crawfor,Condition1-PosA,BldgType-1Fam,HouseStyle-1Story,OverallQual-7,OverallCond-8,YearBuilt-1959,YearRemodAdd-2002,RoofStyle-Gable,Exterior1st-BrkFace,Exterior2nd-HdBoard,MasVnrType-None,MasVnrArea-0,ExterQual-Gd,ExterCond-Gd,Foundation-PConc,BsmtQual-Gd,BsmtCond-TA,BsmtExposure-Av,BsmtFinType1-GLQ,BsmtFinSF1-1406,BsmtFinType2-Unf,BsmtFinSF2-0,BsmtUnfSF-496,TotalBsmtSF-1902,HeatingQC-TA,CentralAir-Y,Electrical-SBrkr,GrLivArea-1902,BsmtFullBath-1,BsmtHalfBath-0,FullBath-2,HalfBath-0,BedroomAbvGr-3,KitchenQual-Ex,TotRmsAbvGrd-7,Functional-Typ,Fireplaces-2,FireplaceQu-TA,GarageType-Attchd,GarageYrBlt-1959,GarageFinish-Fin,GarageCars-2,GarageArea-567,GarageQual-TA,WoodDeckSF-0,OpenPorchSF-207,EnclosedPorch-162,Fence-NA,MiscFeature-NA,MiscVal-0,MoSold-5,YrSold-2010,SaleType-WD,SaleCondition-Normal,SalePrice-335000,gt_300000
MSSubClass-60,MSZoning-RL,LotFrontage-NA,LotShape-IR1,LotConfig-Inside,Neighborhood-NoRidge,Condition1-Norm,BldgType-1Fam,HouseStyle-2Story,OverallQual-8,OverallCond-5,YearBuilt-1990,YearRemodAdd-1990,RoofStyle-Gable,Exterior1st-Wd Sdng,Exterior2nd-Wd Sdng,MasVnrType-BrkFace,MasVnrArea-336,ExterQual-Gd,ExterCond-TA,Foundation-PConc,BsmtQual-Ex,BsmtCond-TA,BsmtExposure-No,BsmtFinType1-GLQ,BsmtFinSF1-482,BsmtFinType2-Unf,BsmtFinSF2-0,BsmtUnfSF-971,TotalBsmtSF-1453,HeatingQC-Ex,CentralAir-Y,Electrical-SBrkr,GrLivArea-2810,BsmtFullBath-0,BsmtHalfBath-0,FullBath-2,HalfBath-1,BedroomAbvGr-4,KitchenQual-Gd,TotRmsAbvGrd-9,Functional-Typ,Fireplaces-1,FireplaceQu-Ex,GarageType-Attchd,GarageYrBlt-1990,GarageFinish-RFn,GarageCars-2,GarageArea-750,GarageQual-Gd,WoodDeckSF-500,OpenPorchSF-0,EnclosedPorch-0,Fence-NA,MiscFeature-NA,MiscVal-0,MoSold-6,YrSold-2007,SaleType-WD,SaleCondition-Normal,SalePrice-302000,gt_300000
MSSubClass-60,MSZoning-RL,LotFrontage-108,LotShape-IR1,LotConfig-Corner,Neighborhood-NoRidge,Condition1-Norm,BldgType-1Fam,HouseStyle-2Story,OverallQual-9,OverallCond-5,YearBuilt-1999,YearRemodAdd-1999,RoofStyle-Gable,Exterior1st-VinylSd,Exterior2nd-VinylSd,MasVnrType-BrkFace,MasVnrArea-165,ExterQual-Gd,ExterCond-TA,Foundation-PConc,BsmtQual-Gd,BsmtCond-TA,BsmtExposure-No,BsmtFinType1-Unf,BsmtFinSF1-0,BsmtFinType2-Unf,BsmtFinSF2-0,BsmtUnfSF-1393,TotalBsmtSF-1393,HeatingQC-Ex,CentralAir-Y,Electrical-SBrkr,GrLivArea-2599,BsmtFullBath-0,BsmtHalfBath-0,FullBath-2,HalfBath-1,BedroomAbvGr-4,KitchenQual-Gd,TotRmsAbvGrd-10,Functional-Typ,Fireplaces-1,FireplaceQu-TA,GarageType-BuiltIn,GarageYrBlt-1999,GarageFinish-Fin,GarageCars-3,GarageArea-779,GarageQual-TA,WoodDeckSF-668,OpenPorchSF-30,EnclosedPorch-0,Fence-NA,MiscFeature-NA,MiscVal-0,MoSold-5,YrSold-2010,SaleType-WD,SaleCondition-Normal,SalePrice-333168,gt_300000
MSSubClass-20,MSZoning-RL,LotFrontage-129,LotShape-Reg,LotConfig-FR3,Neighborhood-NridgHt,Condition1-Norm,BldgType-1Fam,HouseStyle-1Story,OverallQual-9,OverallCond-5,YearBuilt-2004,YearRemodAdd-2005,RoofStyle-Hip,Exterior1st-VinylSd,Exterior2nd-VinylSd,MasVnrType-BrkFace,MasVnrArea-66,ExterQual-Gd,ExterCond-TA,Foundation-PConc,BsmtQual-Ex,BsmtCond-TA,BsmtExposure-Av,BsmtFinType1-GLQ,BsmtFinSF1-1447,BsmtFinType2-Unf,BsmtFinSF2-0,BsmtUnfSF-533,TotalBsmtSF-1980,HeatingQC-Ex,CentralAir-Y,Electrical-SBrkr,GrLivArea-1980,BsmtFullBath-1,BsmtHalfBath-0,FullBath-2,HalfBath-0,BedroomAbvGr-3,KitchenQual-Ex,TotRmsAbvGrd-8,Functional-Typ,Fireplaces-1,FireplaceQu-Gd,GarageType-Attchd,GarageYrBlt-2004,GarageFinish-Fin,GarageCars-3,GarageArea-770,GarageQual-TA,WoodDeckSF-194,OpenPorchSF-45,EnclosedPorch-0,Fence-NA,MiscFeature-NA,MiscVal-0,MoSold-9,YrSold-2006,SaleType-WD,SaleCondition-Normal,SalePrice-315000,gt_300000
MSSubClass-20,MSZoning-RL,LotFrontage-42,LotShape-IR1,LotConfig-CulDSac,Neighborhood-Gilbert,Condition1-Norm,BldgType-1Fam,HouseStyle-1Story,OverallQual-9,OverallCond-5,YearBuilt-2006,YearRemodAdd-2007,RoofStyle-Gable,Exterior1st-VinylSd,Exterior2nd-VinylSd,MasVnrType-Stone,MasVnrArea-160,ExterQual-Ex,ExterCond-TA,Foundation-PConc,BsmtQual-Ex,BsmtCond-TA,BsmtExposure-Gd,BsmtFinType1-GLQ,BsmtFinSF1-1320,BsmtFinType2-Unf,BsmtFinSF2-0,BsmtUnfSF-426,TotalBsmtSF-1746,HeatingQC-Ex,CentralAir-Y,Electrical-SBrkr,GrLivArea-1746,BsmtFullBath-1,BsmtHalfBath-0,FullBath-2,HalfBath-0,BedroomAbvGr-3,KitchenQual-Ex,TotRmsAbvGrd-7,Functional-Typ,Fireplaces-2,FireplaceQu-Gd,GarageType-Attchd,GarageYrBlt-2006,GarageFinish-Fin,GarageCars-3,GarageArea-758,GarageQual-TA,WoodDeckSF-201,OpenPorchSF-39,EnclosedPorch-0,Fence-NA,MiscFeature-NA,MiscVal-0,MoSold-10,YrSold-2009,SaleType-WD,SaleCondition-Normal,SalePrice-377500,gt_300000
MSSubClass-60,MSZoning-RL,LotFrontage-NA,LotShape-IR1,LotConfig-Inside,Neighborhood-NoRidge,Condition1-Norm,BldgType-1Fam,HouseStyle-2Story,OverallQual-8,OverallCond-5,YearBuilt-1998,YearRemodAdd-1998,RoofStyle-Gable,Exterior1st-VinylSd,Exterior2nd-VinylSd,MasVnrType-BrkFace,MasVnrArea-731,ExterQual-Gd,ExterCond-TA,Foundation-PConc,BsmtQual-Gd,BsmtCond-TA,BsmtExposure-Mn,BsmtFinType1-GLQ,BsmtFinSF1-781,BsmtFinType2-Unf,BsmtFinSF2-0,BsmtUnfSF-503,TotalBsmtSF-1284,HeatingQC-Ex,CentralAir-Y,Electrical-SBrkr,GrLivArea-2450,BsmtFullBath-1,BsmtHalfBath-0,FullBath-2,HalfBath-1,BedroomAbvGr-3,KitchenQual-Gd,TotRmsAbvGrd-7,Functional-Typ,Fireplaces-1,FireplaceQu-TA,GarageType-Attchd,GarageYrBlt-1998,GarageFinish-Fin,GarageCars-3,GarageArea-1069,GarageQual-TA,WoodDeckSF-0,OpenPorchSF-126,EnclosedPorch-0,Fence-NA,MiscFeature-NA,MiscVal-0,MoSold-5,YrSold-2009,SaleType-WD,SaleCondition-Normal,SalePrice-340000,gt_300000
MSSubClass-20,MSZoning-RL,LotFrontage-96,LotShape-Reg,LotConfig-FR2,Neighborhood-NridgHt,Condition1-Norm,BldgType-1Fam,HouseStyle-1Story,OverallQual-8,OverallCond-5,YearBuilt-2008,YearRemodAdd-2008,RoofStyle-Hip,Exterior1st-VinylSd,Exterior2nd-VinylSd,MasVnrType-Stone,MasVnrArea-426,ExterQual-Ex,ExterCond-TA,Foundation-PConc,BsmtQual-Ex,BsmtCond-TA,BsmtExposure-Av,BsmtFinType1-GLQ,BsmtFinSF1-1336,BsmtFinType2-Unf,BsmtFinSF2-0,BsmtUnfSF-596,TotalBsmtSF-1932,HeatingQC-Ex,CentralAir-Y,Electrical-SBrkr,GrLivArea-1932,BsmtFullBath-1,BsmtHalfBath-0,FullBath-2,HalfBath-0,BedroomAbvGr-2,KitchenQual-Ex,TotRmsAbvGrd-7,Functional-Typ,Fireplaces-1,FireplaceQu-Gd,GarageType-Attchd,GarageYrBlt-2008,GarageFinish-Fin,GarageCars-3,GarageArea-774,GarageQual-TA,WoodDeckSF-0,OpenPorchSF-66,EnclosedPorch-0,Fence-NA,MiscFeature-NA,MiscVal-0,MoSold-11,YrSold-2008,SaleType-New,SaleCondition-Partial,SalePrice-394617,gt_300000
MSSubClass-60,MSZoning-FV,LotFrontage-85,LotShape-Reg,LotConfig-Inside,Neighborhood-Somerst,Condition1-Norm,BldgType-1Fam,HouseStyle-2Story,OverallQual-10,OverallCond-5,YearBuilt-2008,YearRemodAdd-2008,RoofStyle-Gable,Exterior1st-VinylSd,Exterior2nd-VinylSd,MasVnrType-Stone,MasVnrArea-160,ExterQual-Ex,ExterCond-TA,Foundation-PConc,BsmtQual-Ex,BsmtCond-TA,BsmtExposure-Av,BsmtFinType1-GLQ,BsmtFinSF1-765,BsmtFinType2-Unf,BsmtFinSF2-0,BsmtUnfSF-252,TotalBsmtSF-1017,HeatingQC-Ex,CentralAir-Y,Electrical-SBrkr,GrLivArea-2007,BsmtFullBath-1,BsmtHalfBath-0,FullBath-2,HalfBath-1,BedroomAbvGr-3,KitchenQual-Ex,TotRmsAbvGrd-10,Functional-Typ,Fireplaces-1,FireplaceQu-Ex,GarageType-Attchd,GarageYrBlt-2008,GarageFinish-Fin,GarageCars-3,GarageArea-812,GarageQual-TA,WoodDeckSF-168,OpenPorchSF-52,EnclosedPorch-0,Fence-NA,MiscFeature-NA,MiscVal-0,MoSold-4,YrSold-2009,SaleType-WD,SaleCondition-Normal,SalePrice-310000,gt_300000
